time,wx,wy,wz,ax,ay,az
1900-01-01 02:28:49.790,0.2842857142857143,0.2028571428571428,-0.0371428571428571,0.1914285714285714,-0.1328571428571428,-0.0942857142857142
1900-01-01 02:28:49.800,0.2914285714285714,0.1557142857142857,-0.06,0.0428571428571428,-0.0871428571428571,0.0371428571428571
1900-01-01 02:28:49.810,0.2525,0.045,-0.0525,-0.06,-0.1,0.08
1900-01-01 02:28:49.820,0.2185714285714285,0.0685714285714285,-0.1114285714285714,0.0085714285714285,-0.1228571428571428,0.2671428571428572
1900-01-01 02:28:49.830,0.1783333333333333,0.0816666666666666,-0.1583333333333333,-0.04,-0.0533333333333333,0.2633333333333333
1900-01-01 02:28:49.840,0.15,-0.0433333333333333,-0.1016666666666666,-0.15,-0.0049999999999999,0.2799999999999999
1900-01-01 02:28:49.850,0.1433333333333333,-0.15,-0.0966666666666666,-0.18,0.0499999999999999,0.3033333333333333
1900-01-01 02:28:49.860,0.0966666666666666,-0.1311111111111111,-0.1322222222222222,-0.0222222222222222,0.1144444444444444,0.2455555555555555
1900-01-01 02:28:49.870,-0.0083333333333333,-0.0216666666666666,-0.125,0.145,0.11,0.15
1900-01-01 02:28:49.880,-0.0216666666666666,0.0066666666666666,-0.055,0.2799999999999999,0.13,0.18
1900-01-01 02:28:49.890,-0.0083333333333333,0.0683333333333333,0.0683333333333333,0.3233333333333333,0.1933333333333333,0.2333333333333333
1900-01-01 02:28:49.900,-0.055,0.095,0.1883333333333333,0.29,0.235,0.295
1900-01-01 02:28:49.910,-0.0999999999999999,0.095,0.2133333333333333,0.215,0.1849999999999999,0.2749999999999999
1900-01-01 02:28:49.920,-0.12,0.105,0.1133333333333333,0.13,0.16,0.2233333333333333
1900-01-01 02:28:49.930,-0.08,-0.0033333333333333,0.0033333333333333,0.005,0.1366666666666667,0.1849999999999999
1900-01-01 02:28:49.940,-0.0466666666666666,-0.1483333333333333,-0.0566666666666666,-0.1733333333333333,-0.03,0.3266666666666666
1900-01-01 02:28:49.950,-0.0216666666666666,-0.1233333333333333,-0.1399999999999999,-0.28,-0.13,0.2533333333333333
1900-01-01 02:28:49.960,-0.0016666666666666,-0.0783333333333333,-0.2016666666666666,-0.235,-0.16,0.065
1900-01-01 02:28:49.970,0.0583333333333333,-0.0716666666666666,-0.1633333333333333,-0.1716666666666666,-0.155,-0.1316666666666666
1900-01-01 02:28:49.980,0.12,-0.03,-0.15,-0.08,0.02,-0.19
1900-01-01 02:28:49.990,0.183,0.0289999999999999,-0.045,0.08,0.153,-0.138
1900-01-01 02:28:50.000,0.15,0.1083333333333333,0.0733333333333333,0.2666666666666666,0.15,-0.16
1900-01-01 02:28:50.010,0.1016666666666666,0.2366666666666666,0.04,0.2983333333333333,0.2016666666666666,-0.1533333333333333
1900-01-01 02:28:50.020,0.0583333333333333,0.1066666666666666,0.0933333333333333,0.04,0.305,0.0
1900-01-01 02:28:50.030,0.0249999999999999,-0.0383333333333333,0.12,-0.2299999999999999,0.2466666666666666,0.0833333333333333
1900-01-01 02:28:50.040,-0.0633333333333333,-0.02,-0.0133333333333333,-0.235,0.16,0.095
1900-01-01 02:28:50.050,-0.16,0.0066666666666666,-0.1166666666666666,-0.18,0.1,0.1
1900-01-01 02:28:50.060,-0.1875,-0.06375,-0.12375,-0.295,0.0325,0.11
1900-01-01 02:28:50.070,-0.12,-0.1214285714285714,-0.0714285714285714,-0.38,0.0385714285714285,0.1885714285714285
1900-01-01 02:28:50.080,-0.085,-0.0816666666666666,-0.0333333333333333,-0.235,0.0049999999999999,0.25
1900-01-01 02:28:50.090,-0.0816666666666666,0.0383333333333333,-0.0216666666666666,-0.0666666666666666,-0.0566666666666666,0.2299999999999999
1900-01-01 02:28:50.100,0.005,0.1333333333333333,-0.0233333333333333,0.065,-0.055,0.155
1900-01-01 02:28:50.110,0.0983333333333333,0.0333333333333333,0.0233333333333333,0.025,-0.065,0.13
1900-01-01 02:28:50.120,0.1416666666666667,0.045,0.0166666666666666,-0.01,-0.1033333333333333,0.0966666666666666
1900-01-01 02:28:50.130,0.0833333333333333,0.1416666666666667,-0.0383333333333333,-0.09,-0.1033333333333333,-0.1099999999999999
1900-01-01 02:28:50.140,0.0666666666666666,0.1366666666666667,-0.0366666666666666,-0.3266666666666666,-0.0633333333333333,-0.1566666666666666
1900-01-01 02:28:50.150,0.0566666666666666,-0.015,0.0516666666666666,-0.535,-0.045,-0.085
1900-01-01 02:28:50.160,0.045,-0.04,0.0116666666666666,-0.6066666666666666,-0.0466666666666666,0.0433333333333333
1900-01-01 02:28:50.170,-0.0483333333333333,-0.0033333333333333,-0.085,-0.5833333333333334,-0.0666666666666666,0.0666666666666666
1900-01-01 02:28:50.180,-0.095,-0.02,-0.1,-0.55,-0.15,0.05
1900-01-01 02:28:50.190,-0.092,-0.0579999999999999,-0.09,-0.536,-0.12,0.046
1900-01-01 02:28:50.200,-0.0533333333333333,-0.09,-0.0033333333333333,-0.4833333333333334,-0.1266666666666666,0.0533333333333333
1900-01-01 02:28:50.210,-0.068,-0.014,0.024,-0.316,-0.106,-1.387778780781446e-18
1900-01-01 02:28:50.220,-0.0428571428571428,0.0985714285714285,-0.0114285714285714,-0.1828571428571428,-0.0871428571428571,-0.0428571428571428
1900-01-01 02:28:50.230,0.0216666666666666,0.06,0.0283333333333333,-0.0366666666666666,-0.18,0.0633333333333333
1900-01-01 02:28:50.240,0.0533333333333333,-0.03,0.0499999999999999,0.06,-0.25,0.1149999999999999
1900-01-01 02:28:50.250,0.065,0.055,-0.045,0.13,-0.27,0.11
1900-01-01 02:28:50.260,0.026,0.118,-0.093,0.106,-0.2,0.062
1900-01-01 02:28:50.270,0.0416666666666666,-0.035,0.0333333333333333,-0.16,-0.145,0.055
1900-01-01 02:28:50.280,0.0266666666666666,-0.0066666666666666,0.0483333333333333,-0.2433333333333333,-0.1533333333333333,0.0566666666666666
1900-01-01 02:28:50.290,-0.0566666666666666,0.105,0.0183333333333333,-0.2133333333333333,-0.1933333333333333,0.01
1900-01-01 02:28:50.300,-0.08,0.0683333333333333,0.0316666666666666,-0.33,-0.2799999999999999,-0.04
1900-01-01 02:28:50.310,-0.095,-0.0283333333333333,0.0566666666666666,-0.465,-0.24,-0.045
1900-01-01 02:28:50.320,-0.0485714285714285,-0.0414285714285714,-0.0171428571428571,-0.4728571428571428,-0.1514285714285714,-0.0457142857142857
1900-01-01 02:28:50.330,-0.07,-0.07,-0.04,-0.43,-0.13,-0.02
1900-01-01 02:28:50.340,-0.06,-0.05125,-0.06,-0.30625,-0.23375,-0.04
1900-01-01 02:28:50.350,-0.0116666666666666,-0.0016666666666666,-0.0616666666666666,-0.15,-0.2299999999999999,0.04
1900-01-01 02:28:50.360,0.0166666666666666,0.0033333333333333,-0.01,-0.1,-0.22,0.07
1900-01-01 02:28:50.370,0.0314285714285714,0.0242857142857142,0.0514285714285714,-0.0657142857142857,-0.2142857142857142,0.0614285714285714
1900-01-01 02:28:50.380,0.0525,0.1175,0.09,-0.02,-0.22,0.1
1900-01-01 02:28:50.390,0.062,0.14,0.108,-0.077,-0.193,0.127
1900-01-01 02:28:50.400,0.08,0.0266666666666666,0.0833333333333333,-0.23,-0.17,0.2633333333333333
1900-01-01 02:28:50.410,0.08,-0.02,0.02,-0.27,-0.18,0.29
1900-01-01 02:28:50.420,0.03,-0.041,-0.093,-0.196,-0.219,0.382
1900-01-01 02:28:50.430,-0.0566666666666666,-0.11,-0.135,-0.1733333333333333,-0.1866666666666666,0.3166666666666666
1900-01-01 02:28:50.440,-0.0616666666666666,-0.09,-0.1083333333333333,-0.16,-0.0133333333333333,0.1099999999999999
1900-01-01 02:28:50.450,-0.0525,-0.04,0.0025,-0.125,0.015,-0.02
1900-01-01 02:28:50.460,-0.0828571428571428,0.0057142857142857,0.1085714285714285,0.0028571428571428,0.0385714285714285,-0.0871428571428571
1900-01-01 02:28:50.470,-0.0142857142857142,0.1528571428571428,0.0857142857142857,0.1971428571428571,0.1471428571428571,-0.0357142857142857
1900-01-01 02:28:50.480,0.0266666666666666,0.09,0.1366666666666666,0.2066666666666666,0.0966666666666666,0.1366666666666666
1900-01-01 02:28:50.490,0.03,0.0083333333333333,0.1383333333333333,0.19,0.0233333333333333,0.15
1900-01-01 02:28:50.500,-0.01,0.035,0.05,0.19,0.01,0.12
1900-01-01 02:28:50.510,-0.022,0.069,-0.056,0.178,0.105,0.038
1900-01-01 02:28:50.520,-0.03,-0.1349999999999999,0.0216666666666666,-0.0699999999999999,0.02,0.02
1900-01-01 02:28:50.530,-0.044,-0.064,0.02,-0.078,0.012,-0.102
1900-01-01 02:28:50.540,-0.0314285714285714,0.0771428571428571,-0.0471428571428571,0.0257142857142857,0.0142857142857142,-0.1471428571428571
1900-01-01 02:28:50.550,0.0133333333333333,-0.0016666666666666,0.025,0.055,-0.0549999999999999,-0.04
1900-01-01 02:28:50.560,0.055,-0.0266666666666666,0.0533333333333333,0.0566666666666666,-0.0033333333333333,0.0033333333333333
1900-01-01 02:28:50.570,0.0616666666666666,0.0516666666666666,-0.015,0.0999999999999999,0.02,-0.0466666666666666
1900-01-01 02:28:50.580,0.05,0.08,-0.015,0.11,0.01,-0.07
1900-01-01 02:28:50.590,0.031,0.019,0.018,0.126,-0.062,0.012
1900-01-01 02:28:50.610,0.024,0.064,0.014,0.12,0.0279999999999999,0.024
1900-01-01 02:28:50.620,-0.008,0.0579999999999999,0.081,0.04,0.0399999999999999,0.008
1900-01-01 02:28:50.630,-0.0155555555555555,0.0388888888888888,0.0866666666666666,-0.1288888888888889,-0.0277777777777777,0.0677777777777777
1900-01-01 02:28:50.640,-0.0233333333333333,0.0433333333333333,0.0066666666666666,-0.15,-0.0249999999999999,0.125
1900-01-01 02:28:50.650,-0.0366666666666666,-0.0566666666666666,-0.0033333333333333,-0.18,-0.03,0.12
1900-01-01 02:28:50.660,-0.0425,-0.105,-0.0275,-0.1699999999999999,-0.0349999999999999,0.0725
1900-01-01 02:28:50.670,-0.0057142857142857,-0.0157142857142857,-0.1042857142857142,-0.04,0.0071428571428571,0.0699999999999999
1900-01-01 02:28:50.680,-0.006,-0.03,-0.038,0.0679999999999999,0.008,0.108
1900-01-01 02:28:50.690,0.04,0.0333333333333333,0.0133333333333333,0.14,0.09,0.125
1900-01-01 02:28:50.700,0.11875,0.13,0.0725,0.2375,0.135,0.30375
1900-01-01 02:28:50.710,0.108,0.08,0.174,0.172,0.0159999999999999,0.358
1900-01-01 02:28:50.720,0.0716666666666666,0.0966666666666666,0.1066666666666666,0.1633333333333333,0.0499999999999999,0.3033333333333333
1900-01-01 02:28:50.730,0.0183333333333333,0.13,-0.015,0.01,0.08,0.2266666666666666
1900-01-01 02:28:50.740,0.0057142857142857,-0.0757142857142857,-0.0257142857142857,-0.2271428571428571,0.0442857142857142,0.2642857142857143
1900-01-01 02:28:50.750,-0.04,-0.1333333333333333,-0.0633333333333333,-0.29,0.0633333333333333,0.1149999999999999
1900-01-01 02:28:50.760,-0.055,0.0024999999999999,-0.165,-0.175,0.115,0.095
1900-01-01 02:28:50.770,-0.0833333333333333,0.09,-0.1266666666666666,-0.06,0.16,0.11
1900-01-01 02:28:50.780,-0.06,0.0033333333333333,0.03,-0.26,0.09,0.14
1900-01-01 02:28:50.790,0.0,-0.08,0.14,-0.26,0.09,0.14
1900-01-01 02:28:50.800,-0.01,0.1086666666666666,0.11,0.084,0.0093333333333333,0.51
1900-01-01 02:28:50.810,-0.0275,0.0425,0.0975,0.28,-0.1,0.68
1900-01-01 02:28:50.820,-0.01625,-0.02875,0.045,0.14375,-0.0425,0.69
1900-01-01 02:28:50.830,0.0016666666666666,0.0233333333333333,-0.0916666666666666,0.09,0.025,0.58
1900-01-01 02:28:50.840,-0.0183333333333333,-0.0466666666666666,-0.0616666666666666,0.025,-0.105,0.53
1900-01-01 02:28:50.850,-0.04,-0.08,-0.03,0.0333333333333333,-0.1333333333333333,0.53
1900-01-01 02:28:50.860,-0.0044444444444444,0.0555555555555555,-0.05,0.1266666666666666,-0.0222222222222222,0.51
1900-01-01 02:28:50.870,0.0233333333333333,0.0349999999999999,0.0516666666666666,0.0349999999999999,-0.005,0.3899999999999999
1900-01-01 02:28:50.880,0.03,0.005,0.12,-0.01,-0.05,0.41
1900-01-01 02:28:50.890,0.02,0.0811111111111111,0.0555555555555555,0.0666666666666666,-0.0255555555555555,0.3188888888888889
1900-01-01 02:28:50.900,0.02,0.13,-0.03,0.14,0.01,0.27
1900-01-01 02:28:50.910,-0.003076923076923,-0.0038461538461538,-0.0253846153846153,0.0492307692307692,-0.0546153846153846,0.2876923076923077
1900-01-01 02:28:50.920,0.012,-0.016,-0.1,0.168,0.002,0.336
1900-01-01 02:28:50.930,0.018,0.024,-0.096,0.158,-0.062,0.262
1900-01-01 02:28:50.940,-0.0342857142857142,0.0028571428571428,-0.01,0.1442857142857143,-0.0871428571428571,0.21
1900-01-01 02:28:50.950,-0.015,0.13,0.015,0.1766666666666666,0.04,0.21
1900-01-01 02:28:50.960,-0.0016666666666666,0.0999999999999999,0.1066666666666666,0.0633333333333333,0.0866666666666666,0.3033333333333333
1900-01-01 02:28:50.970,-0.01,0.025,0.1674999999999999,0.01,0.04,0.35
1900-01-01 02:28:50.980,-0.04,0.025,0.125,-0.0199999999999999,-0.0425,0.2825
1900-01-01 02:28:50.990,-0.044,0.099,-0.091,0.105,-0.079,0.302
1900-01-01 02:28:51.000,-0.02,-0.01,-0.12,0.08,-0.12,0.4
1900-01-01 02:28:51.010,-0.02,-0.14375,-0.055,-0.06125,-0.14,0.40125
1900-01-01 02:28:51.020,-0.0266666666666666,0.03,-0.1266666666666666,0.0166666666666666,0.0711111111111111,0.2233333333333333
1900-01-01 02:28:51.030,-0.04,0.0699999999999999,0.0016666666666666,0.045,0.055,0.3349999999999999
1900-01-01 02:28:51.040,0.03,-0.0133333333333333,0.1416666666666666,0.0249999999999999,-0.025,0.525
1900-01-01 02:28:51.050,0.0133333333333333,0.0433333333333333,0.1333333333333333,0.13,-0.0333333333333333,0.62
1900-01-01 02:28:51.060,0.0066666666666666,0.1733333333333333,-0.0122222222222222,0.25,-0.0266666666666666,0.61
1900-01-01 02:28:51.070,-0.01,0.01,0.015,0.1666666666666666,-0.0733333333333333,0.6666666666666666
1900-01-01 02:28:51.080,0.04,-0.05,0.0,0.08,-0.06,0.82
1900-01-01 02:28:51.090,0.034,-0.028,-0.08,0.056,-0.0059999999999999,0.764
1900-01-01 02:28:51.100,0.0,0.02,-0.09,0.14,-0.09,0.81
1900-01-01 02:28:51.110,-0.0266666666666666,0.0133333333333333,-0.0666666666666666,0.11,-0.1233333333333333,0.7533333333333334
1900-01-01 02:28:51.120,-0.0275,0.0183333333333333,-0.0108333333333333,0.0933333333333333,-0.12,0.7250000000000001
1900-01-01 02:28:51.130,-0.0083333333333333,0.0,0.0316666666666666,0.0933333333333333,-0.0433333333333333,0.6366666666666667
1900-01-01 02:28:51.140,0.015,0.04,-0.0375,0.21125,0.01375,0.58875
1900-01-01 02:28:51.150,0.0214285714285714,0.0342857142857142,-0.0357142857142857,0.1514285714285714,-0.0014285714285714,0.4057142857142857
1900-01-01 02:28:51.160,0.022,0.006,-0.01,0.108,0.0139999999999999,0.312
1900-01-01 02:28:51.170,0.0039999999999999,0.074,-0.002,0.1,0.03,0.28
1900-01-01 02:28:51.180,-0.0125,0.09,0.0075,0.07,0.06,0.2
1900-01-01 02:28:51.190,-0.01,0.1044444444444444,0.0744444444444444,-0.2144444444444444,0.1177777777777777,0.0577777777777777
1900-01-01 02:28:51.200,-0.02,0.04,0.14,-0.4,0.1,-0.02
1900-01-01 02:28:51.210,-0.0185714285714285,0.0442857142857142,0.1071428571428571,-0.5028571428571429,0.0914285714285714,-0.0457142857142857
1900-01-01 02:28:51.220,0.007,0.038,-0.037,-0.532,0.053,0.06
1900-01-01 02:28:51.230,0.0366666666666666,-0.1516666666666666,-0.0883333333333333,-0.515,-0.075,0.265
1900-01-01 02:28:51.240,0.03,-0.09,-0.1683333333333333,-0.2799999999999999,-0.145,0.365
1900-01-01 02:28:51.250,0.0099999999999999,-0.015,-0.2,-0.11,-0.16,0.4
1900-01-01 02:28:51.260,0.0233333333333333,0.0122222222222222,-0.1133333333333333,0.04,-0.0933333333333333,0.4266666666666666
1900-01-01 02:28:51.270,0.0566666666666666,0.0383333333333333,0.0533333333333333,0.065,0.0999999999999999,0.225
1900-01-01 02:28:51.280,0.08,0.126,0.1159999999999999,0.016,0.198,0.03
1900-01-01 02:28:51.290,0.01875,0.20875,0.165,-0.045,0.2575,-0.15
1900-01-01 02:28:51.300,0.0,0.185,0.185,-0.18,0.22,-0.21
1900-01-01 02:28:51.310,-0.02,0.082,0.136,-0.3199999999999999,0.094,0.062
1900-01-01 02:28:51.320,-0.1016666666666666,-0.0483333333333333,0.015,-0.3899999999999999,-0.0833333333333333,0.2066666666666666
1900-01-01 02:28:51.330,-0.1366666666666667,-0.07,-0.1133333333333333,-0.3899999999999999,-0.13,0.23
1900-01-01 02:28:51.340,-0.0833333333333333,-0.0811111111111111,-0.1644444444444444,-0.3255555555555556,-0.2055555555555555,0.3711111111111111
1900-01-01 02:28:51.350,-0.0266666666666666,-0.1216666666666666,-0.075,-0.2833333333333333,-0.2733333333333333,0.43
1900-01-01 02:28:51.360,0.0283333333333333,-0.0016666666666666,-0.0483333333333333,-0.15,-0.12,0.1766666666666666
1900-01-01 02:28:51.370,0.0866666666666666,0.0966666666666666,-0.02,-0.09,-0.06,0.1
1900-01-01 02:28:51.380,0.1214285714285714,0.0771428571428571,0.0685714285714285,0.01,-0.0957142857142857,0.1785714285714285
1900-01-01 02:28:51.390,0.1225,0.0925,0.1025,0.1149999999999999,-0.12625,0.04875
1900-01-01 02:28:51.400,0.07,0.1925,0.0375,0.15,-0.07,-0.08
1900-01-01 02:28:51.410,0.0575,0.1875,0.03,0.12,-0.05,-0.13
1900-01-01 02:28:51.430,0.011,-0.001,0.093,-0.106,-0.114,-0.006
1900-01-01 02:28:51.440,-0.0716666666666666,0.005,-0.02,-0.2808333333333333,-0.1525,-0.03
1900-01-01 02:28:51.450,-0.11,-0.0766666666666666,-0.0433333333333333,-0.34,-0.24,-0.05
1900-01-01 02:28:51.460,-0.1166666666666666,-0.07,-0.0433333333333333,-0.2188888888888888,-0.2022222222222222,-0.0711111111111111
1900-01-01 02:28:51.470,-0.11,-0.0249999999999999,-0.0366666666666666,-0.085,-0.105,-0.235
1900-01-01 02:28:51.480,-0.095,-0.015,-0.005,-0.05,-0.09,-0.3
1900-01-01 02:28:51.490,-0.02,0.04,0.028,0.148,-0.112,-0.2
1900-01-01 02:28:51.510,0.0866666666666666,0.15,0.0883333333333333,0.2175,-0.1825,-0.11
1900-01-01 02:28:51.520,0.1116666666666666,0.1133333333333333,0.08,0.1266666666666666,-0.21,-0.01
1900-01-01 02:28:51.530,0.075,0.075,0.0325,0.075,-0.21,0.075
1900-01-01 02:28:51.540,0.04875,0.0325,-0.04,-0.065,-0.185,0.08
1900-01-01 02:28:51.550,-0.01,-0.0783333333333333,-0.0683333333333333,-0.2266666666666666,-0.1466666666666667,0.0866666666666666
1900-01-01 02:28:51.560,-0.0339999999999999,-0.108,-0.1,-0.2339999999999999,-0.14,0.09
1900-01-01 02:28:51.570,-0.0733333333333333,-0.0699999999999999,-0.125,-0.23,-0.14,0.09
1900-01-01 02:28:51.580,-0.056,0.012,-0.092,0.02,-0.06,-0.06
1900-01-01 02:28:51.590,-0.0625,0.0424999999999999,0.0525,0.17,-0.06375,-0.0425
1900-01-01 02:28:51.600,-0.0475,0.1,0.1275,0.22,-0.02,-0.03
1900-01-01 02:28:51.610,-0.06,0.14,0.1425,0.33,0.07,0.01
1900-01-01 02:28:51.630,-0.0315384615384615,0.1023076923076923,0.113076923076923,0.2684615384615384,-0.0307692307692307,0.1915384615384615
1900-01-01 02:28:51.640,-0.0325,0.015,-0.02375,0.22625,-0.2175,0.27
1900-01-01 02:28:51.650,-0.0085714285714285,-0.0142857142857142,-0.1457142857142857,0.18,-0.2699999999999999,0.2771428571428571
1900-01-01 02:28:51.660,0.0066666666666666,-0.0883333333333333,-0.1116666666666666,0.12,-0.29,0.29
1900-01-01 02:28:51.670,0.06,-0.04,-0.0975,0.125,-0.245,0.235
1900-01-01 02:28:51.680,0.055,0.0625,-0.045,0.1625,-0.2024999999999999,0.1775
1900-01-01 02:28:51.690,0.0475,0.0975,0.0325,0.17,-0.18,0.08
1900-01-01 02:28:51.700,0.05,0.1316666666666666,0.0583333333333333,0.105,-0.0116666666666666,-0.005
1900-01-01 02:28:51.710,0.0675,0.1425,0.0775,0.06,0.15,0.05
1900-01-01 02:28:51.720,0.04,0.09,0.115,-0.15,0.11,0.02
1900-01-01 02:28:51.730,-0.0518181818181818,0.0581818181818181,0.0472727272727272,-0.149090909090909,0.1154545454545454,0.0890909090909091
1900-01-01 02:28:51.740,-0.0642857142857143,-0.0085714285714285,-0.0342857142857142,-0.1942857142857142,0.0385714285714285,0.3328571428571428
1900-01-01 02:28:51.750,-0.0766666666666666,-0.1016666666666666,0.0133333333333333,-0.2733333333333333,-0.1166666666666666,0.43
1900-01-01 02:28:51.760,-0.0716666666666666,0.0133333333333333,-0.07,-0.2333333333333333,-0.0833333333333333,0.3799999999999999
1900-01-01 02:28:51.770,-0.045,0.0275,-0.0725,-0.12,0.03,0.32
1900-01-01 02:28:51.780,-0.01875,-0.0725,0.01625,-0.2,-0.005,0.25625
1900-01-01 02:28:51.790,0.0416666666666666,0.015,0.0016666666666666,-0.0166666666666666,0.0633333333333333,0.1466666666666666
1900-01-01 02:28:51.800,0.1083333333333333,0.145,-0.06,0.135,0.065,0.135
1900-01-01 02:28:51.810,0.095,0.105,0.015,0.2,0.03,0.17
1900-01-01 02:28:51.820,0.0825,0.0525,0.0725,0.2,0.03,0.17
1900-01-01 02:28:51.830,0.1018181818181818,0.1254545454545454,0.05,0.0754545454545454,0.22,0.1490909090909091
1900-01-01 02:28:51.840,0.0499999999999999,0.0557142857142857,0.11,-0.0614285714285714,0.1628571428571428,0.2342857142857143
1900-01-01 02:28:51.850,-0.005,-0.015,0.09,-0.14,0.02,0.32
1900-01-01 02:28:51.860,-0.0611111111111111,0.0533333333333333,-0.06,-0.0533333333333333,0.07,0.3299999999999999
1900-01-01 02:28:51.870,-0.0757142857142857,-0.0671428571428571,-0.0742857142857142,-0.1328571428571428,0.0771428571428571,0.2514285714285714
1900-01-01 02:28:51.880,-0.0866666666666666,-0.1516666666666666,-0.015,-0.2,0.03,0.1966666666666666
1900-01-01 02:28:51.890,-0.0614285714285714,0.04,-0.0942857142857142,-0.0285714285714285,0.0757142857142857,0.0757142857142857
1900-01-01 02:28:51.900,-0.08,0.1,-0.05,0.12,0.11,0.03
1900-01-01 02:28:51.910,-0.0222222222222222,0.0477777777777777,0.0633333333333333,0.1433333333333333,0.0466666666666666,0.0433333333333333
1900-01-01 02:28:51.930,0.0433333333333333,0.1391666666666666,0.1399999999999999,0.2741666666666666,0.0508333333333333,0.1783333333333333
1900-01-01 02:28:51.940,-0.0014285714285714,0.0842857142857142,0.1399999999999999,0.1685714285714285,-0.1642857142857142,0.1428571428571428
1900-01-01 02:28:51.950,0.045,0.08,-0.02,-0.0133333333333333,-0.1099999999999999,-0.02
1900-01-01 02:28:51.960,0.042,-0.06,-0.118,-0.13,-0.096,-0.094
1900-01-01 02:28:51.970,0.0066666666666666,-0.1833333333333333,-0.1233333333333333,-0.25,-0.15,-0.16
1900-01-01 02:28:51.980,0.0166666666666666,-0.1011111111111111,-0.2077777777777777,-0.11,-0.1022222222222222,-0.2688888888888889
1900-01-01 02:28:51.990,0.0157142857142857,0.0314285714285714,-0.1285714285714286,0.24,-0.0785714285714285,-0.2471428571428571
1900-01-01 02:28:52.000,0.0079999999999999,0.03,0.072,0.324,-0.03,-0.146
1900-01-01 02:28:52.010,0.0166666666666666,0.1133333333333333,0.1466666666666666,0.3899999999999999,0.06,-0.08
1900-01-01 02:28:52.030,0.0223076923076923,0.2030769230769231,0.1992307692307692,0.3061538461538461,0.0946153846153846,-0.133076923076923
1900-01-01 02:28:52.040,-0.0044444444444444,0.1055555555555555,0.1377777777777777,0.0955555555555555,-0.0888888888888888,0.0366666666666666
1900-01-01 02:28:52.050,-0.0433333333333333,0.0566666666666666,-0.01,-0.1666666666666666,-0.1566666666666666,0.02
1900-01-01 02:28:52.060,-0.1155555555555555,-0.0533333333333333,-0.0644444444444444,-0.43,-0.2133333333333333,-0.0333333333333333
1900-01-01 02:28:52.070,-0.105,-0.105,-0.0816666666666666,-0.6033333333333334,-0.18,-0.0533333333333333
1900-01-01 02:28:52.080,-0.09,-0.1,-0.065,-0.64,-0.16,-0.09
1900-01-01 02:28:52.090,-0.046,-0.077,-0.036,-0.5599999999999999,-0.15,-0.126
1900-01-01 02:28:52.100,-0.02,-0.03,0.0,-0.45,-0.18,-0.27
1900-01-01 02:28:52.110,0.0466666666666666,0.05,-0.0166666666666666,-0.45,-0.18,-0.27
1900-01-01 02:28:52.120,0.1142857142857143,0.1214285714285714,0.0628571428571428,-0.1214285714285714,-0.1964285714285714,-0.0878571428571428
1900-01-01 02:28:52.130,0.1271428571428571,0.0985714285714285,0.0857142857142857,-0.0414285714285714,-0.1071428571428571,0.0314285714285714
1900-01-01 02:28:52.140,0.1266666666666666,0.0916666666666666,0.03,0.0216666666666666,-0.0666666666666666,0.285
1900-01-01 02:28:52.150,0.062,-0.006,0.028,0.006,-0.176,0.434
1900-01-01 02:28:52.160,5.782411586589358e-19,-0.0366666666666666,-0.0133333333333333,0.01,-0.185,0.405
1900-01-01 02:28:52.170,-0.0933333333333333,-0.0166666666666666,-0.0783333333333333,0.035,-0.14,0.3566666666666666
1900-01-01 02:28:52.180,-0.105,-0.0433333333333333,-0.0466666666666666,0.04,0.01,0.325
1900-01-01 02:28:52.190,-0.1233333333333333,-0.1316666666666666,0.0766666666666666,0.0133333333333333,-0.0166666666666666,0.25
1900-01-01 02:28:52.200,-0.064,0.012,0.02,0.17,-0.074,0.22
1900-01-01 02:28:52.210,-0.09,0.0966666666666666,-0.0066666666666666,0.45,-0.09,0.18
1900-01-01 02:28:52.230,0.0009090909090909,0.0545454545454545,-0.0045454545454545,0.5281818181818182,-0.0599999999999999,0.1618181818181818
1900-01-01 02:28:52.240,0.0536363636363636,0.0890909090909091,0.0572727272727272,0.65,-0.0227272727272727,0.3127272727272727
1900-01-01 02:28:52.250,0.0499999999999999,0.12,0.0499999999999999,0.67,0.01,0.29
1900-01-01 02:28:52.260,0.0333333333333333,0.07,0.0577777777777777,0.5311111111111111,0.0122222222222222,0.3533333333333333
1900-01-01 02:28:52.270,0.05,0.0275,0.015,0.37,0.02,0.3525
1900-01-01 02:28:52.280,-0.0014285714285714,-0.0157142857142857,0.0,0.2314285714285714,-0.0257142857142857,0.2742857142857143
1900-01-01 02:28:52.290,-0.0728571428571428,-0.0257142857142857,-0.0628571428571428,-0.0571428571428571,-0.0914285714285714,-0.0914285714285714
1900-01-01 02:28:52.300,-0.0825,-0.015,-0.1025,-0.11,-0.005,-0.255
1900-01-01 02:28:52.310,-0.0757142857142857,-0.0499999999999999,-0.0428571428571428,-0.15,0.0128571428571428,-0.2885714285714286
1900-01-01 02:28:52.320,-0.045,-0.05,0.01,-0.1,0.02,-0.16
1900-01-01 02:28:52.330,-0.0355555555555555,-0.0011111111111111,0.0266666666666666,0.0444444444444444,0.0044444444444444,-0.2088888888888889
1900-01-01 02:28:52.340,0.02375,0.1075,-0.00125,0.22375,0.02125,-0.14375
1900-01-01 02:28:52.350,0.0716666666666666,0.0466666666666666,0.0499999999999999,0.2733333333333334,-0.0433333333333333,0.0566666666666666
1900-01-01 02:28:52.360,0.0466666666666666,0.0533333333333333,0.0433333333333333,0.2766666666666666,-0.04,0.1033333333333333
1900-01-01 02:28:52.370,0.046,0.104,-0.022,0.29,0.0,0.09
1900-01-01 02:28:52.380,0.0314285714285714,0.03,-0.01,0.1671428571428571,-0.0228571428571428,0.2528571428571428
1900-01-01 02:28:52.390,0.0466666666666666,-0.0183333333333333,-0.015,-0.03,0.045,0.1399999999999999
1900-01-01 02:28:52.400,0.06,-0.02,-0.05,-0.09,0.09,0.09
1900-01-01 02:28:52.410,0.0228571428571428,-0.0199999999999999,-0.0628571428571428,-0.1042857142857142,0.0971428571428571,-0.01
1900-01-01 02:28:52.420,-0.02625,-0.01625,-0.04875,-0.11875,0.09875,-0.11375
1900-01-01 02:28:52.430,-0.0325,-0.00875,-0.045,-0.1,0.22625,-0.19625
1900-01-01 02:28:52.440,-0.0499999999999999,-0.0183333333333333,0.005,-0.0466666666666666,0.3333333333333333,-0.1866666666666666
1900-01-01 02:28:52.450,-0.005,-0.005,0.025,-0.02,0.34,-0.16
1900-01-01 02:28:52.460,-0.019,0.0349999999999999,0.043,0.1359999999999999,0.208,-0.164
1900-01-01 02:28:52.470,0.0083333333333333,0.1033333333333333,0.0066666666666666,0.2233333333333333,0.1766666666666666,-0.0666666666666666
1900-01-01 02:28:52.480,-0.002,0.028,0.038,0.186,0.174,-0.012
1900-01-01 02:28:52.490,0.0185714285714285,-0.01,0.0142857142857142,0.1585714285714285,0.1771428571428571,0.0771428571428571
1900-01-01 02:28:52.500,0.02,0.01,-0.0266666666666666,0.18,0.17,0.12
1900-01-01 02:28:52.510,0.0166666666666666,0.01,-0.0433333333333333,0.1711111111111111,0.1033333333333333,0.16
1900-01-01 02:28:52.530,0.0388888888888888,-0.0255555555555555,-0.0444444444444444,0.1466666666666666,0.0777777777777777,0.1722222222222222
1900-01-01 02:28:52.540,0.0077777777777777,-0.0088888888888888,-0.0222222222222222,0.2033333333333333,0.0233333333333333,0.1633333333333333
1900-01-01 02:28:52.550,2.8912057932946783e-19,0.03,0.0133333333333333,0.0966666666666666,0.0166666666666666,-0.0633333333333333
1900-01-01 02:28:52.560,0.0283333333333333,0.0249999999999999,0.0249999999999999,0.08,0.0249999999999999,-0.0499999999999999
1900-01-01 02:28:52.570,0.04,-0.0075,0.0175,0.09,0.04,0.01
1900-01-01 02:28:52.580,0.0325,-0.02,0.0,0.105,0.01,-0.035
1900-01-01 02:28:52.590,0.04,0.0,-0.07,0.267,-0.038,0.1
1900-01-01 02:28:52.600,0.01,-0.02,-0.06,0.36,-0.08,0.19
1900-01-01 02:28:52.610,0.0166666666666666,-0.02,-0.06,0.3933333333333333,-0.0266666666666666,0.2766666666666666
1900-01-01 02:28:52.620,0.02,-0.016,-0.0169999999999999,0.413,0.015,0.3319999999999999
1900-01-01 02:28:52.630,0.0071428571428571,0.0414285714285714,0.0542857142857142,0.36,0.06,0.3342857142857142
1900-01-01 02:28:52.640,0.0022222222222222,0.0766666666666666,0.0977777777777777,0.2044444444444444,0.0711111111111111,0.2311111111111111
1900-01-01 02:28:52.650,0.01,0.0533333333333333,0.09,0.0333333333333333,0.1166666666666666,0.2233333333333333
1900-01-01 02:28:52.660,0.0211111111111111,-0.0344444444444444,0.0411111111111111,-0.0866666666666666,0.1077777777777777,0.3144444444444444
1900-01-01 02:28:52.670,-0.0033333333333333,-0.1066666666666666,-0.0416666666666666,-0.1066666666666666,0.0566666666666666,0.3666666666666667
1900-01-01 02:28:52.680,0.0339999999999999,-0.094,-0.134,-0.036,0.006,0.38
1900-01-01 02:28:52.690,0.0242857142857142,-0.1542857142857143,-0.1214285714285714,0.0614285714285714,-0.0057142857142857,0.39
1900-01-01 02:28:52.700,0.03,-0.15,-0.1,0.14,-0.02,0.34
1900-01-01 02:28:52.710,0.04,-0.14,-0.1,0.14,-0.02,0.34
1900-01-01 02:28:52.720,0.09,-0.0078571428571428,-0.0328571428571428,0.4021428571428571,0.1564285714285714,0.3185714285714285
1900-01-01 02:28:52.730,0.06625,0.04625,0.16,0.5025,0.255,0.3325
1900-01-01 02:28:52.740,0.0349999999999999,0.09,0.1316666666666666,0.58,0.32,0.385
1900-01-01 02:28:52.750,0.006,0.0139999999999999,0.11,0.608,0.282,0.506
1900-01-01 02:28:52.760,0.0185714285714285,-0.0757142857142857,0.0785714285714285,0.5428571428571429,0.0928571428571428,0.7542857142857142
1900-01-01 02:28:52.770,-0.024,-0.118,-0.0039999999999999,0.52,-0.01,0.8400000000000001
1900-01-01 02:28:52.780,-0.035,-0.0849999999999999,-0.0725,0.59,-0.08,0.83
1900-01-01 02:28:52.790,-0.0188888888888888,-0.1233333333333333,-0.0955555555555555,0.5900000000000001,-0.08,0.7988888888888889
1900-01-01 02:28:52.800,0.05,-0.19,-0.07,0.54,-0.05,0.74
1900-01-01 02:28:52.810,0.05375,-0.15375,-0.03,0.53125,-0.05,0.71375
1900-01-01 02:28:52.820,0.0588888888888888,-0.04,0.0122222222222222,0.7777777777777778,0.04,0.5977777777777777
1900-01-01 02:28:52.830,0.055,-0.02,0.0733333333333333,0.94,0.12,0.48
1900-01-01 02:28:52.840,0.0883333333333333,-0.0266666666666666,0.09,0.9466666666666668,0.2066666666666666,0.4599999999999999
1900-01-01 02:28:52.850,0.09,-0.05,0.09,0.94,0.23,0.45
1900-01-01 02:28:52.860,0.0788888888888888,-0.0544444444444444,0.0711111111111111,0.94,0.1655555555555555,0.4877777777777778
1900-01-01 02:28:52.870,0.0283333333333333,-0.08,0.0283333333333333,0.8966666666666666,0.16,0.44
1900-01-01 02:28:52.880,0.044,-0.104,-0.01,0.834,0.204,0.428
1900-01-01 02:28:52.890,0.0133333333333333,-0.16,0.0366666666666666,0.7799999999999999,0.18,0.47
1900-01-01 02:28:52.900,0.018,-0.186,0.05,0.79,0.1619999999999999,0.4939999999999999
1900-01-01 02:28:52.910,-0.022,-0.122,0.019,0.93,0.0819999999999999,0.553
1900-01-01 02:28:52.920,-0.0257142857142857,-0.1285714285714286,0.0,1.012857142857143,0.1928571428571428,0.4585714285714286
1900-01-01 02:28:52.930,0.0,-0.2233333333333333,0.0516666666666666,1.1033333333333333,0.2366666666666666,0.4833333333333333
1900-01-01 02:28:52.940,0.0166666666666666,-0.1683333333333333,0.0383333333333333,1.22,0.21,0.3633333333333333
1900-01-01 02:28:52.950,-0.005,-0.075,0.02,1.28,0.2066666666666666,0.2666666666666666
1900-01-01 02:28:52.960,0.0499999999999999,-0.0666666666666666,0.045,1.2933333333333332,0.22,0.26
1900-01-01 02:28:52.970,0.0766666666666666,-0.13,0.1133333333333333,1.25,0.2466666666666666,0.2866666666666667
1900-01-01 02:28:52.980,0.1114285714285714,-0.11,0.1057142857142857,1.207142857142857,0.3057142857142857,0.2928571428571428
1900-01-01 02:28:52.990,0.07,-0.10375,0.06375,1.1775,0.3375,0.2525
1900-01-01 02:28:53.000,0.04,-0.16,0.03,1.14,0.33,0.26
1900-01-01 02:28:53.010,0.012,-0.2299999999999999,0.024,1.091,0.323,0.288
1900-01-01 02:28:53.020,-0.0071428571428571,-0.2785714285714286,-0.0371428571428571,1.26,0.2885714285714286,0.3642857142857143
1900-01-01 02:28:53.030,-0.0371428571428571,-0.2642857142857143,-0.0457142857142857,1.4185714285714286,0.2314285714285714,0.2371428571428571
1900-01-01 02:28:53.040,-0.012,-0.2299999999999999,-0.036,1.53,0.2759999999999999,0.088
1900-01-01 02:28:53.050,-0.005,-0.21,0.0,1.55,0.29,0.06
1900-01-01 02:28:53.060,0.041,-0.179,0.061,1.6740000000000002,0.392,-0.0259999999999999
1900-01-01 02:28:53.070,0.0442857142857142,-0.1457142857142857,0.1328571428571428,1.8985714285714284,0.3085714285714286,0.1699999999999999
1900-01-01 02:28:53.080,0.0675,-0.0975,0.09,2.025,0.275,0.31
1900-01-01 02:28:53.090,0.0371428571428571,-0.1285714285714286,0.08,2.031428571428572,0.2585714285714285,0.4271428571428571
1900-01-01 02:28:53.100,0.035,-0.205,0.06,1.98,0.25,0.44
1900-01-01 02:28:53.110,0.0063636363636363,-0.2636363636363636,0.0427272727272727,1.8072727272727271,0.2681818181818181,0.3536363636363636
1900-01-01 02:28:53.120,-0.01,-0.268,-0.024,1.72,0.218,0.2299999999999999
1900-01-01 02:28:53.130,-0.038,-0.266,-0.018,1.7399999999999998,0.22,0.25
1900-01-01 02:28:53.140,-0.02,-0.2942857142857143,0.0171428571428571,1.5985714285714288,0.2342857142857143,0.0942857142857142
1900-01-01 02:28:53.150,0.0033333333333333,-0.27,0.0683333333333333,1.5633333333333337,0.2533333333333333,0.0133333333333333
1900-01-01 02:28:53.160,-0.0333333333333333,-0.2299999999999999,0.1283333333333333,1.586666666666667,0.1866666666666666,-0.03
1900-01-01 02:28:53.170,-0.02,-0.17,0.1433333333333333,1.55,0.0933333333333333,-0.0866666666666666
1900-01-01 02:28:53.180,-0.03,-0.2266666666666666,0.15,1.47,0.08,-0.16
1900-01-01 02:28:53.190,0.0133333333333333,-0.26,0.0733333333333333,1.38,0.1466666666666667,-0.2066666666666666
1900-01-01 02:28:53.200,0.0233333333333333,-0.36,0.0033333333333333,1.366666666666667,0.1566666666666666,-0.1966666666666666
1900-01-01 02:28:53.210,0.042,-0.42,-0.062,1.4600000000000002,0.06,-0.2259999999999999
1900-01-01 02:28:53.220,0.0114285714285714,-0.4014285714285714,-0.0842857142857143,1.6685714285714286,-0.0057142857142857,-0.25
1900-01-01 02:28:53.230,0.0516666666666666,-0.28,-0.0916666666666666,1.835,0.0249999999999999,-0.285
1900-01-01 02:28:53.240,0.0766666666666666,-0.275,0.0216666666666666,1.8766666666666667,0.1733333333333333,-0.3533333333333333
1900-01-01 02:28:53.250,0.1399999999999999,-0.26,0.0766666666666666,1.86,0.2666666666666666,-0.4033333333333333
1900-01-01 02:28:53.260,0.1088888888888889,-0.2055555555555555,0.1588888888888889,1.8666666666666667,0.3577777777777778,-0.4655555555555555
1900-01-01 02:28:53.270,0.0728571428571428,-0.1614285714285714,0.1357142857142857,1.9214285714285717,0.3657142857142857,-0.3385714285714286
1900-01-01 02:28:53.280,0.06,-0.21,0.11,1.93,0.36,-0.29
1900-01-01 02:28:53.290,0.011,-0.327,0.062,1.794,0.262,-0.1399999999999999
1900-01-01 02:28:53.300,-0.05,-0.3825,-0.0525,1.785,0.2275,-0.0475
1900-01-01 02:28:53.310,-0.0714285714285714,-0.3971428571428572,-0.1071428571428571,1.8257142857142856,0.1985714285714286,0.0371428571428571
1900-01-01 02:28:53.320,-0.0757142857142857,-0.4642857142857143,-0.0542857142857142,1.8314285714285716,0.17,0.0942857142857142
1900-01-01 02:28:53.330,-0.055,-0.41,-0.025,1.86,0.17,0.08
1900-01-01 02:28:53.340,-0.02125,-0.31375,-0.0075,2.14125,0.19,0.12125
1900-01-01 02:28:53.350,0.0116666666666666,-0.2783333333333334,0.0683333333333333,2.27,0.17,0.11
1900-01-01 02:28:53.360,0.0383333333333333,-0.225,0.11,2.26,0.215,0.09
1900-01-01 02:28:53.370,0.064,-0.198,0.098,2.204,0.266,0.082
1900-01-01 02:28:53.380,0.0714285714285714,-0.2457142857142857,0.12,1.9785714285714289,0.2128571428571428,0.22
1900-01-01 02:28:53.390,0.0499999999999999,-0.3316666666666667,0.1066666666666666,1.88,0.0699999999999999,0.5
1900-01-01 02:28:53.400,0.025,-0.32,0.03,1.89,0.03,0.66
1900-01-01 02:28:53.410,-0.0133333333333333,-0.3583333333333333,-0.0333333333333333,1.8233333333333333,0.03,0.66
1900-01-01 02:28:53.420,-0.0216666666666666,-0.4933333333333333,-0.0983333333333333,1.8,0.04,0.775
1900-01-01 02:28:53.430,-0.0433333333333333,-0.5244444444444445,-0.0688888888888888,1.6788888888888889,0.0633333333333333,0.7255555555555556
1900-01-01 02:28:53.440,-0.0116666666666666,-0.3716666666666666,-0.0416666666666666,1.715,0.075,0.485
1900-01-01 02:28:53.450,0.0025,-0.3,0.0574999999999999,1.7175,0.095,0.4175
1900-01-01 02:28:53.460,0.0733333333333333,-0.3044444444444444,0.1588888888888888,1.718888888888889,0.2011111111111111,0.51
1900-01-01 02:28:53.470,0.0642857142857143,-0.3171428571428571,0.1399999999999999,1.7442857142857144,0.24,0.5028571428571429
1900-01-01 02:28:53.480,0.08,-0.308,0.0279999999999999,1.8060000000000005,0.224,0.6639999999999999
1900-01-01 02:28:53.490,0.07,-0.4233333333333333,-0.0016666666666666,1.76,0.1466666666666666,0.75
1900-01-01 02:28:53.500,0.08,-0.525,-0.02,1.785,0.105,0.825
1900-01-01 02:28:53.510,0.06875,-0.45875,-0.08875,1.915,0.13,0.855
1900-01-01 02:28:53.520,0.02,-0.3833333333333333,-0.0533333333333333,1.95,0.205,0.765
1900-01-01 02:28:53.530,0.036,-0.44,0.088,1.91,0.25,0.702
1900-01-01 02:28:53.540,0.0257142857142857,-0.4414285714285714,0.1271428571428571,1.9271428571428573,0.2885714285714286,0.6414285714285715
1900-01-01 02:28:53.550,0.0183333333333333,-0.34,0.0616666666666666,2.07,0.3,0.5433333333333333
1900-01-01 02:28:53.560,-0.0183333333333333,-0.3816666666666666,0.0416666666666666,2.07,0.275,0.55
1900-01-01 02:28:53.570,0.002,-0.442,0.024,1.956,0.324,0.5780000000000001
1900-01-01 02:28:53.580,0.0128571428571428,-0.4642857142857143,-0.0071428571428571,1.89,0.3942857142857142,0.5642857142857143
1900-01-01 02:28:53.590,0.0249999999999999,-0.4716666666666667,-0.0416666666666666,1.845,0.43,0.555
1900-01-01 02:28:53.600,0.0433333333333333,-0.48,-0.0433333333333333,1.8066666666666664,0.4133333333333333,0.5066666666666667
1900-01-01 02:28:53.610,-0.0075,-0.46375,-0.02375,1.74,0.4,0.36
1900-01-01 02:28:53.620,0.032,-0.396,-0.054,1.804,0.628,0.374
1900-01-01 02:28:53.630,0.0714285714285714,-0.4514285714285714,0.0028571428571428,1.8657142857142857,0.6785714285714286,0.5814285714285715
1900-01-01 02:28:53.640,0.1385714285714285,-0.4528571428571428,0.0228571428571428,2.0171428571428573,0.6685714285714285,0.8300000000000001
1900-01-01 02:28:53.650,0.104,-0.38,-0.0019999999999999,2.162,0.64,0.97
1900-01-01 02:28:53.660,0.1042857142857142,-0.3757142857142857,0.0171428571428571,2.132857142857143,0.5885714285714286,1.09
1900-01-01 02:28:53.670,0.0783333333333333,-0.48,0.1016666666666666,2.075,0.54,1.18
1900-01-01 02:28:53.680,0.0733333333333333,-0.4383333333333333,0.0349999999999999,2.1300000000000003,0.525,1.25
1900-01-01 02:28:53.690,0.0083333333333333,-0.445,-0.03,2.1666666666666665,0.4933333333333333,1.2766666666666666
1900-01-01 02:28:53.700,0.032,-0.518,-0.064,2.198,0.4679999999999999,1.4380000000000002
1900-01-01 02:28:53.710,0.0357142857142857,-0.5942857142857143,-0.0585714285714285,2.2385714285714284,0.4257142857142857,1.5157142857142856
1900-01-01 02:28:53.730,-0.0025,-0.4908333333333334,-0.0625,2.4166666666666665,0.3866666666666667,1.4583333333333333
1900-01-01 02:28:53.740,0.005,-0.4683333333333333,0.0483333333333333,2.415,0.395,1.445
1900-01-01 02:28:53.750,0.0416666666666666,-0.4533333333333333,0.1016666666666666,2.353333333333333,0.4533333333333333,1.4333333333333331
1900-01-01 02:28:53.760,0.0166666666666666,-0.4283333333333333,0.0999999999999999,2.3,0.4766666666666666,1.39
1900-01-01 02:28:53.770,0.0166666666666666,-0.4433333333333333,0.0533333333333333,2.28,0.48,1.37
1900-01-01 02:28:53.780,0.0055555555555555,-0.5277777777777778,0.0422222222222222,2.1666666666666665,0.3866666666666666,1.4144444444444444
1900-01-01 02:28:53.790,0.0128571428571428,-0.5842857142857143,-0.0642857142857143,2.0771428571428574,0.3542857142857142,1.3242857142857145
1900-01-01 02:28:53.800,0.044,-0.526,-0.134,2.108,0.3259999999999999,1.314
1900-01-01 02:28:53.810,0.032,-0.61,-0.078,2.154,0.38,1.358
1900-01-01 02:28:53.820,0.1028571428571428,-0.5557142857142857,-0.0814285714285714,2.2528571428571427,0.5771428571428572,1.4128571428571426
1900-01-01 02:28:53.830,0.1383333333333333,-0.48,-0.0483333333333333,2.313333333333333,0.7533333333333334,1.49
1900-01-01 02:28:53.840,0.1957142857142857,-0.5342857142857144,0.0257142857142857,2.337142857142857,0.8014285714285715,1.5942857142857143
1900-01-01 02:28:53.850,0.21,-0.53,0.03,2.53,0.89,1.765
1900-01-01 02:28:53.860,0.2533333333333333,-0.4988888888888889,-0.1144444444444444,2.7666666666666666,1.0166666666666666,1.9066666666666667
1900-01-01 02:28:53.870,0.3028571428571429,-0.5471428571428572,-0.1457142857142857,2.8442857142857143,1.1528571428571428,1.967142857142857
1900-01-01 02:28:53.880,0.304,-0.616,-0.09,2.884,1.248,1.988
1900-01-01 02:28:53.890,0.2716666666666666,-0.51,-0.075,2.98,1.3333333333333333,1.8866666666666667
1900-01-01 02:28:53.900,0.16,-0.434,0.016,3.024,1.356,1.836
1900-01-01 02:28:53.910,0.15,-0.3716666666666666,0.1033333333333333,3.023333333333333,1.3766666666666667,1.8633333333333333
1900-01-01 02:28:53.920,0.1542857142857143,-0.4085714285714285,0.2028571428571428,2.704285714285714,1.335714285714286,1.7557142857142856
1900-01-01 02:28:53.930,0.08,-0.47,0.1783333333333333,2.473333333333333,1.2633333333333334,1.6033333333333333
1900-01-01 02:28:53.940,0.055,-0.4616666666666666,0.0583333333333333,2.153333333333333,0.99,1.43
1900-01-01 02:28:53.950,0.0085714285714285,-0.5514285714285714,0.0114285714285714,1.8342857142857143,0.6714285714285715,1.41
1900-01-01 02:28:53.960,-0.0099999999999999,-0.616,0.024,1.556,0.316,1.458
1900-01-01 02:28:53.970,-0.0783333333333333,-0.6183333333333333,0.0133333333333333,1.39,0.2566666666666666,1.3033333333333337
1900-01-01 02:28:53.980,-0.026,-0.576,-0.064,1.358,0.236,1.344
1900-01-01 02:28:53.990,0.0114285714285714,-0.6528571428571429,0.0085714285714285,1.32,0.0742857142857142,1.5642857142857145
1900-01-01 02:28:54.000,0.01,-0.725,0.08,1.26,-0.02,1.59
1900-01-01 02:28:54.010,0.0457142857142857,-0.63,0.0128571428571428,1.5071428571428571,0.0342857142857142,1.6585714285714286
1900-01-01 02:28:54.020,0.1033333333333333,-0.5588888888888889,-0.0155555555555555,1.6122222222222224,0.0422222222222222,1.681111111111111
1900-01-01 02:28:54.030,0.158,-0.656,0.09,1.664,-0.024,1.818
1900-01-01 02:28:54.040,0.1385714285714285,-0.5685714285714286,0.0842857142857142,1.8071428571428567,0.0214285714285714,1.782857142857143
1900-01-01 02:28:54.050,0.12,-0.47,0.0233333333333333,1.903333333333333,0.1133333333333333,1.7233333333333334
1900-01-01 02:28:54.060,0.1211111111111111,-0.5155555555555557,0.0822222222222222,1.846666666666667,0.17,1.8766666666666667
1900-01-01 02:28:54.070,0.1149999999999999,-0.66,0.1633333333333333,1.8,0.2633333333333333,2.056666666666666
1900-01-01 02:28:54.080,0.0716666666666666,-0.5766666666666667,0.08,1.9266666666666667,0.34,2.0733333333333333
1900-01-01 02:28:54.090,-0.005,-0.5833333333333334,0.0433333333333333,1.98,0.36,2.083333333333333
1900-01-01 02:28:54.100,-0.02,-0.69,0.065,1.98,0.36,2.09
1900-01-01 02:28:54.110,-0.0244444444444444,-0.7277777777777777,0.0588888888888888,1.877777777777777,0.3488888888888889,1.9366666666666663
1900-01-01 02:28:54.120,-0.08,-0.69,0.04,1.91,0.4,1.7
1900-01-01 02:28:54.130,-0.0377777777777777,-0.6222222222222222,-0.0322222222222222,1.9944444444444445,0.4922222222222223,1.6477777777777778
1900-01-01 02:28:54.140,-0.042,-0.753,0.074,2.13,0.63,1.494
1900-01-01 02:28:54.150,-0.0033333333333333,-0.5533333333333333,0.0033333333333333,2.56,0.77,1.57
1900-01-01 02:28:54.160,0.036,-0.562,0.03,2.82,0.7260000000000001,1.83
1900-01-01 02:28:54.170,0.0125,-0.68,0.1175,2.965,0.7350000000000001,1.95
1900-01-01 02:28:54.180,0.09375,-0.63625,-0.00875,3.1525,0.8425,2.03
1900-01-01 02:28:54.190,0.1433333333333333,-0.6416666666666666,-0.1399999999999999,3.58,0.9266666666666666,2.42
1900-01-01 02:28:54.200,0.125,-0.705,-0.0849999999999999,3.7,0.84,2.6
1900-01-01 02:28:54.210,0.116,-0.724,-0.038,3.68,0.8119999999999999,2.56
1900-01-01 02:28:54.220,0.1227272727272727,-0.5518181818181819,-0.0636363636363636,3.899090909090909,0.9245454545454546,2.670909090909092
1900-01-01 02:28:54.230,0.1328571428571428,-0.6142857142857142,0.0785714285714285,3.667142857142857,0.9628571428571427,2.608571428571429
1900-01-01 02:28:54.240,0.104,-0.634,0.128,3.434,1.058,2.456
1900-01-01 02:28:54.250,0.155,-0.4649999999999999,0.015,3.41,1.11,2.4
1900-01-01 02:28:54.260,0.186,-0.476,0.039,3.103,0.967,2.557
1900-01-01 02:28:54.270,0.225,-0.7525,0.135,2.715,0.71,2.8200000000000003
1900-01-01 02:28:54.280,0.1914285714285714,-0.65,-0.0142857142857142,2.704285714285714,0.6314285714285715,2.87
1900-01-01 02:28:54.290,0.1871428571428571,-0.4785714285714286,-0.1771428571428571,2.835714285714286,0.5399999999999999,3.252857142857143
1900-01-01 02:28:54.300,0.2625,-0.6625,-0.055,2.565,0.53,3.5700000000000003
1900-01-01 02:28:54.310,0.2642857142857143,-0.8357142857142856,0.0728571428571428,2.341428571428572,0.5914285714285715,3.648571428571429
1900-01-01 02:28:54.320,0.21,-0.745,0.03,2.29,0.84,3.4
1900-01-01 02:28:54.330,0.1677777777777777,-0.5233333333333333,-0.0455555555555555,2.2922222222222226,0.9922222222222222,3.283333333333333
1900-01-01 02:28:54.340,0.09875,-0.765,0.23125,1.91,0.92375,3.28125
1900-01-01 02:28:54.350,0.03,-0.7066666666666667,0.1733333333333333,1.9266666666666663,0.9166666666666666,3.28
1900-01-01 02:28:54.360,-0.0549999999999999,-0.49,0.0266666666666666,2.2533333333333334,0.99,3.36
1900-01-01 02:28:54.370,-0.095,-0.585,0.08,2.25,0.99,3.37
1900-01-01 02:28:54.380,-0.049,-0.8390000000000001,0.257,2.028,0.993,3.31
1900-01-01 02:28:54.390,-0.0683333333333333,-0.7866666666666666,0.1733333333333333,1.81,1.095,2.92
1900-01-01 02:28:54.400,-0.13,-0.69,0.0866666666666666,1.89,1.11,2.74
1900-01-01 02:28:54.410,-0.15375,-0.73625,0.14875,2.03,0.87,2.69
1900-01-01 02:28:54.420,-0.17,-0.77,0.23,1.84,0.86,2.34
1900-01-01 02:28:54.430,0.0183333333333333,-0.7216666666666667,0.1833333333333333,2.1633333333333336,0.9016666666666668,2.806666666666666
1900-01-01 02:28:54.440,0.0933333333333333,-0.8083333333333335,0.2316666666666667,2.235,0.715,2.735
1900-01-01 02:28:54.450,0.0933333333333333,-0.73,0.0966666666666666,2.2,0.64,2.51
1900-01-01 02:28:54.460,0.154,-0.658,-0.014,2.4400000000000004,0.7,2.57
1900-01-01 02:28:54.470,0.104,-0.7929999999999999,0.139,2.509,0.626,2.4490000000000003
1900-01-01 02:28:54.480,0.1339999999999999,-0.796,0.144,2.714,0.662,2.532
1900-01-01 02:28:54.490,0.1428571428571428,-0.6657142857142857,0.0685714285714285,3.052857142857143,0.7171428571428571,2.744285714285714
1900-01-01 02:28:54.510,0.0866666666666666,-0.7366666666666667,0.14,3.2099999999999995,0.66,2.93
1900-01-01 02:28:54.520,0.0257142857142857,-0.8285714285714285,0.1314285714285714,3.3907142857142856,0.7457142857142857,2.957857142857143
1900-01-01 02:28:54.530,-0.0475,-0.77,0.0225,3.71,0.99,2.75
1900-01-01 02:28:54.540,-0.09,-0.9277777777777776,0.1255555555555555,3.8,0.7077777777777778,2.7466666666666666
1900-01-01 02:28:54.550,-0.1466666666666666,-0.835,0.045,4.185,0.5850000000000001,2.65
1900-01-01 02:28:54.560,-0.125,-0.66,-0.065,4.43,0.68,2.56
1900-01-01 02:28:54.570,0.0044444444444444,-0.6988888888888889,0.0533333333333333,4.613333333333333,0.6466666666666667,2.732222222222222
1900-01-01 02:28:54.580,0.0166666666666666,-0.8250000000000001,0.27,4.321666666666666,0.4833333333333333,2.5733333333333337
1900-01-01 02:28:54.590,0.0057142857142857,-0.6228571428571429,0.0971428571428571,4.617142857142857,0.5642857142857143,2.8085714285714287
1900-01-01 02:28:54.600,-0.025,-0.515,-0.005,4.8,0.65,2.9
1900-01-01 02:28:54.610,-0.03,-0.7583333333333333,0.0516666666666666,4.541666666666667,0.3583333333333333,3.108333333333333
1900-01-01 02:28:54.620,0.0133333333333333,-0.9716666666666668,0.0616666666666666,4.35,0.25,3.19
1900-01-01 02:28:54.630,0.016,-0.845,-0.172,4.624,0.094,3.443
1900-01-01 02:28:54.640,-0.0442857142857142,-0.8771428571428571,-0.1228571428571428,4.644285714285714,-0.0914285714285714,3.507142857142857
1900-01-01 02:28:54.650,-0.01,-0.87,-0.03,4.59,-0.1,3.49
1900-01-01 02:28:54.660,0.04,-0.765,0.047,4.561,0.093,3.49
1900-01-01 02:28:54.670,0.0316666666666666,-0.6749999999999999,0.1683333333333333,4.42,0.34,3.303333333333333
1900-01-01 02:28:54.680,-0.056,-0.712,0.262,4.172,0.292,3.0940000000000003
1900-01-01 02:28:54.690,-0.0566666666666666,-0.6733333333333333,0.19,3.8,0.22,2.77
1900-01-01 02:28:54.700,-0.0933333333333333,-0.64,0.1116666666666666,3.6,0.34,2.6633333333333336
1900-01-01 02:28:54.710,-0.1149999999999999,-0.8416666666666667,0.1433333333333333,2.9599999999999995,0.21,2.59
1900-01-01 02:28:54.720,-0.183,-0.934,0.116,2.737,0.0669999999999999,2.536
1900-01-01 02:28:54.730,-0.174,-0.868,-0.02,2.79,0.09,2.53
1900-01-01 02:28:54.740,-0.1128571428571428,-1.0042857142857142,0.0385714285714285,2.642857142857143,0.01,2.518571428571428
1900-01-01 02:28:54.750,0.0216666666666666,-0.9633333333333334,0.0383333333333333,2.8166666666666664,0.0166666666666666,2.723333333333333
1900-01-01 02:28:54.760,0.0483333333333333,-0.7716666666666666,0.0566666666666666,3.2099999999999995,0.01,2.795
1900-01-01 02:28:54.770,0.04,-0.7033333333333333,0.1166666666666666,3.436666666666667,0.07,2.8966666666666665
1900-01-01 02:28:54.780,0.17125,-0.755,0.14875,3.56875,0.25625,3.09375
1900-01-01 02:28:54.790,0.1928571428571428,-0.8185714285714286,0.1728571428571428,3.6,0.4771428571428571,3.142857142857143
1900-01-01 02:28:54.800,0.1433333333333333,-0.81,0.1166666666666666,3.7000000000000006,0.57,3.2000000000000006
1900-01-01 02:28:54.810,0.0471428571428571,-0.7957142857142857,0.0742857142857142,3.76,0.5957142857142858,3.045714285714286
1900-01-01 02:28:54.820,-0.01,-0.8333333333333334,0.05,3.8233333333333337,0.6266666666666666,3.08
1900-01-01 02:28:54.830,-0.0672727272727272,-0.9027272727272728,0.0618181818181818,3.836363636363636,0.9063636363636364,3.0545454545454547
1900-01-01 02:28:54.840,-0.0783333333333333,-0.9083333333333332,0.075,3.9,1.096666666666667,3.026666666666667
1900-01-01 02:28:54.850,-0.13,-0.93,0.13,3.9,1.09,2.98
1900-01-01 02:28:54.860,-0.207,-0.779,0.147,4.014,1.209,2.798
1900-01-01 02:28:54.870,-0.0966666666666666,-0.7416666666666667,0.125,4.29,1.3,3.14
1900-01-01 02:28:54.880,-0.088,-0.902,0.26,4.2780000000000005,1.144,3.3920000000000003
1900-01-01 02:28:54.890,-0.09,-0.86,0.2333333333333333,4.23,1.0,3.44
1900-01-01 02:28:54.900,-0.0533333333333333,-0.7266666666666667,0.0583333333333333,4.43,1.16,3.47
1900-01-01 02:28:54.910,0.0209999999999999,-0.8310000000000001,0.0039999999999999,4.13,1.006,3.666
1900-01-01 02:28:54.920,0.092,-1.028,0.018,3.95,0.8800000000000001,3.78
1900-01-01 02:28:54.930,0.105,-0.855,-0.1466666666666666,4.09,0.96,3.715
1900-01-01 02:28:54.940,0.0675,-0.7987500000000001,-0.1175,4.1,0.86625,3.54875
1900-01-01 02:28:54.950,0.075,-0.8674999999999999,0.065,4.045,0.95,3.405
1900-01-01 02:28:54.960,0.1214285714285714,-0.7614285714285715,0.0785714285714285,4.0200000000000005,1.18,3.387142857142857
1900-01-01 02:28:54.970,0.0666666666666666,-0.6933333333333334,0.1233333333333333,4.06,1.3,3.41
1900-01-01 02:28:54.980,-0.03125,-0.72625,0.1987499999999999,3.8825,1.11,3.3675
1900-01-01 02:28:54.990,-0.08,-0.7266666666666666,0.1383333333333333,3.846666666666667,0.95,3.5966666666666662
1900-01-01 02:28:55.000,-0.1033333333333333,-0.7600000000000001,0.0733333333333333,3.83,0.9,3.78
1900-01-01 02:28:55.010,-0.1411111111111111,-0.8777777777777778,0.0466666666666666,3.63,0.79,3.843333333333333
1900-01-01 02:28:55.020,-0.1028571428571428,-0.94,-0.0228571428571428,3.4914285714285715,0.7042857142857143,3.955714285714286
1900-01-01 02:28:55.030,-0.1266666666666666,-0.9466666666666668,-0.0233333333333333,3.4250000000000003,0.545,3.78
1900-01-01 02:28:55.040,-0.1116666666666666,-0.8083333333333332,-0.0183333333333333,3.375,0.405,3.545
1900-01-01 02:28:55.050,-0.04,-0.75,-0.005,3.4,0.42,3.49
1900-01-01 02:28:55.060,0.04,-0.799,0.129,3.175,0.309,3.433
1900-01-01 02:28:55.070,0.0683333333333333,-0.7266666666666666,0.155,3.31,0.2799999999999999,3.6266666666666665
1900-01-01 02:28:55.080,0.1083333333333333,-0.66,0.055,3.3633333333333333,0.2466666666666666,3.7266666666666666
1900-01-01 02:28:55.090,0.1133333333333333,-0.815,0.0933333333333333,3.3266666666666667,0.0866666666666666,3.953333333333333
1900-01-01 02:28:55.100,0.085,-0.9,0.095,3.24,-0.06,4.1
1900-01-01 02:28:55.110,0.05,-0.8925000000000001,0.0424999999999999,3.225,-0.0099999999999999,3.925
1900-01-01 02:28:55.120,0.04,-0.8358333333333333,-0.0808333333333333,3.168333333333333,0.1291666666666666,3.553333333333333
1900-01-01 02:28:55.130,0.0,-0.93,0.0733333333333333,3.016666666666667,0.13,3.35
1900-01-01 02:28:55.140,0.0316666666666666,-0.765,0.045,3.12,0.3233333333333333,3.233333333333333
1900-01-01 02:28:55.150,0.0116666666666666,-0.6916666666666668,0.0866666666666666,3.36,0.4499999999999999,3.3800000000000003
1900-01-01 02:28:55.160,0.0,-0.7933333333333333,0.2183333333333333,3.4450000000000003,0.33,3.65
1900-01-01 02:28:55.170,-0.0725,-0.7775000000000001,0.24,3.645,0.315,3.865
1900-01-01 02:28:55.180,-0.0566666666666666,-0.65,0.0966666666666666,3.798333333333333,0.3933333333333333,3.935
1900-01-01 02:28:55.190,-0.0675,-0.75,0.09,3.59,0.395,3.89
1900-01-01 02:28:55.200,-0.0533333333333333,-0.93,0.1566666666666666,3.39,0.33,3.82
1900-01-01 02:28:55.210,-0.03,-0.8428571428571429,0.0457142857142857,3.3128571428571427,0.33,3.682857142857143
1900-01-01 02:28:55.220,-0.054,-0.754,-0.058,3.4840000000000004,0.314,3.5740000000000003
1900-01-01 02:28:55.230,0.01,-0.8222222222222223,-0.0222222222222222,3.482222222222222,0.3188888888888889,3.3966666666666665
1900-01-01 02:28:55.240,0.085,-0.81,0.0383333333333333,3.515,0.425,3.275
1900-01-01 02:28:55.250,0.1133333333333333,-0.6866666666666666,-0.0033333333333333,3.57,0.52,3.17
1900-01-01 02:28:55.260,0.1155555555555555,-0.6488888888888888,0.0377777777777777,3.6422222222222222,0.6222222222222222,3.155555555555556
1900-01-01 02:28:55.270,0.1,-0.7166666666666667,0.135,3.626666666666667,0.7266666666666667,3.223333333333333
1900-01-01 02:28:55.280,0.075,-0.6749999999999999,0.1116666666666666,3.645,0.8450000000000001,3.325
1900-01-01 02:28:55.290,-0.0316666666666666,-0.6916666666666668,0.0933333333333333,3.6,0.86,3.283333333333333
1900-01-01 02:28:55.300,-0.075,-0.735,0.07,3.5,0.84,3.17
1900-01-01 02:28:55.310,-0.0685714285714285,-0.7585714285714287,0.0085714285714285,3.4914285714285715,0.9514285714285714,3.3242857142857143
1900-01-01 02:28:55.320,-0.092,-0.836,0.0039999999999999,3.44,0.93,3.45
1900-01-01 02:28:55.330,-0.1222222222222222,-0.8166666666666667,0.0055555555555555,3.643333333333333,0.8033333333333333,3.6866666666666665
1900-01-01 02:28:55.340,-0.0914285714285714,-0.6871428571428572,-0.0285714285714285,3.818571428571429,0.8642857142857142,3.802857142857143
1900-01-01 02:28:55.350,-0.0625,-0.765,0.0725,3.84,0.86,3.85
1900-01-01 02:28:55.360,-0.0225,-0.72875,0.07625,3.78875,0.89,3.78
1900-01-01 02:28:55.370,0.02,-0.5757142857142857,0.0328571428571428,3.827142857142857,0.9528571428571428,3.727142857142857
1900-01-01 02:28:55.380,0.0125,-0.65,0.1175,3.62,0.7949999999999999,3.785
1900-01-01 02:28:55.390,0.0183333333333333,-0.7066666666666667,0.1216666666666666,3.52,0.7999999999999999,3.905
1900-01-01 02:28:55.400,0.0366666666666666,-0.6633333333333334,0.0266666666666666,3.52,0.87,3.96
1900-01-01 02:28:55.410,0.00625,-0.7075,-0.015,3.4762500000000003,0.845,3.97875
1900-01-01 02:28:55.420,-0.0125,-0.7937500000000001,-0.03,3.34875,0.75,4.08
1900-01-01 02:28:55.430,0.0116666666666666,-0.7366666666666667,-0.0883333333333333,3.34,0.785,4.115
1900-01-01 02:28:55.440,-0.01,-0.785,-0.03,3.3266666666666667,0.7600000000000001,4.066666666666666
1900-01-01 02:28:55.450,-0.0166666666666666,-0.7600000000000001,-0.0033333333333333,3.37,0.7766666666666667,4.046666666666667
1900-01-01 02:28:55.460,-0.0211111111111111,-0.6533333333333333,0.0188888888888888,3.4544444444444444,0.8277777777777777,4.02
1900-01-01 02:28:55.470,-0.0666666666666666,-0.6233333333333334,0.0999999999999999,3.3633333333333333,0.8433333333333333,3.85
1900-01-01 02:28:55.480,-0.0425,-0.60375,0.125,3.2675,0.9025,3.8175
1900-01-01 02:28:55.490,-0.0212499999999999,-0.645,0.13,3.15125,0.86125,3.92625
1900-01-01 02:28:55.500,-0.08,-0.67,0.12,3.07,0.73,3.97
1900-01-01 02:28:55.510,-0.038,-0.648,0.009,2.986,0.682,4.078
1900-01-01 02:28:55.520,-0.025,-0.74,-0.035,2.95,0.64,4.21
1900-01-01 02:28:55.530,-0.0177777777777777,-0.8033333333333333,-0.0377777777777777,2.73,0.4600000000000001,4.16
1900-01-01 02:28:55.540,0.0071428571428571,-0.6957142857142857,-0.1128571428571428,2.91,0.5642857142857143,4.054285714285714
1900-01-01 02:28:55.550,-0.0133333333333333,-0.68,-0.0116666666666666,2.84,0.58,3.805
1900-01-01 02:28:55.560,0.0266666666666666,-0.6566666666666666,0.0833333333333333,2.78,0.6449999999999999,3.68
1900-01-01 02:28:55.570,0.0275,-0.5775,0.12,2.79,0.7,3.65
1900-01-01 02:28:55.580,0.01,-0.5428571428571429,0.13,2.775714285714286,0.6828571428571429,3.5557142857142856
1900-01-01 02:28:55.590,0.0385714285714285,-0.5657142857142857,0.0957142857142857,2.684285714285714,0.6585714285714286,3.571428571428572
1900-01-01 02:28:55.600,0.0325,-0.685,0.07,2.61,0.63,3.64
1900-01-01 02:28:55.610,0.0085714285714285,-0.7214285714285714,-0.0228571428571428,2.6,0.53,3.8
1900-01-01 02:28:55.620,-0.03,-0.7071428571428571,-0.09,2.677142857142857,0.4442857142857143,3.73
1900-01-01 02:28:55.630,-0.0366666666666666,-0.71,-0.0583333333333333,2.733333333333334,0.4033333333333333,3.76
1900-01-01 02:28:55.640,-0.0016666666666666,-0.6866666666666666,0.01,2.765,0.4949999999999999,3.765
1900-01-01 02:28:55.650,0.02,-0.64,0.055,2.79,0.59,3.77
1900-01-01 02:28:55.660,-0.011,-0.5730000000000001,0.125,2.829,0.5589999999999999,3.59
1900-01-01 02:28:55.670,-0.0166666666666666,-0.4966666666666666,0.1383333333333333,2.7633333333333336,0.5733333333333333,3.466666666666667
1900-01-01 02:28:55.680,-0.02,-0.5519999999999999,0.156,2.594,0.522,3.4159999999999995
1900-01-01 02:28:55.690,-0.0185714285714285,-0.6228571428571429,0.0985714285714285,2.4942857142857138,0.4914285714285714,3.395714285714285
1900-01-01 02:28:55.700,-0.005,-0.645,0.025,2.4,0.5,3.37
1900-01-01 02:28:55.710,-0.035,-0.6910000000000001,-0.023,2.332,0.4,3.3590000000000004
1900-01-01 02:28:55.720,-0.0166666666666666,-0.725,-0.0633333333333333,2.356666666666667,0.3899999999999999,3.3966666666666665
1900-01-01 02:28:55.730,0.0279999999999999,-0.698,-0.044,2.432,0.374,3.3600000000000003
1900-01-01 02:28:55.740,0.0271428571428571,-0.6557142857142857,0.0142857142857142,2.5285714285714285,0.3799999999999999,3.2857142857142856
1900-01-01 02:28:55.750,0.062,-0.528,0.024,2.692,0.51,3.258
1900-01-01 02:28:55.760,0.0742857142857142,-0.4985714285714286,0.1114285714285714,2.697142857142857,0.57,3.291428571428572
1900-01-01 02:28:55.770,0.055,-0.5475000000000001,0.1925,2.64,0.585,3.365
1900-01-01 02:28:55.780,0.0328571428571428,-0.5371428571428571,0.16,2.631428571428572,0.5957142857142858,3.395714285714285
1900-01-01 02:28:55.790,-0.0625,-0.56125,0.075,2.53,0.5549999999999999,3.31
1900-01-01 02:28:55.800,-0.07,-0.646,0.006,2.396,0.552,3.3340000000000005
1900-01-01 02:28:55.810,-0.0685714285714285,-0.7299999999999999,-0.0057142857142857,2.325714285714285,0.5671428571428571,3.3285714285714287
1900-01-01 02:28:55.820,-0.06,-0.722,-0.036,2.368,0.582,3.2880000000000003
1900-01-01 02:28:55.830,-0.04,-0.64,-0.0466666666666666,2.52,0.58,3.24
1900-01-01 02:28:55.840,-0.0349999999999999,-0.59,0.03,2.68,0.5666666666666667,3.293333333333333
1900-01-01 02:28:55.850,0.0233333333333333,-0.5499999999999999,0.0999999999999999,2.72,0.57,3.32
1900-01-01 02:28:55.860,0.0611111111111111,-0.5144444444444445,0.1355555555555555,2.761111111111111,0.5988888888888888,3.341111111111111
1900-01-01 02:28:55.870,0.05,-0.4833333333333333,0.1333333333333333,2.766666666666666,0.6266666666666666,3.3266666666666667
1900-01-01 02:28:55.880,0.056,-0.4939999999999999,0.096,2.692,0.604,3.312
1900-01-01 02:28:55.890,0.0057142857142857,-0.5985714285714285,0.0728571428571428,2.567142857142857,0.5728571428571428,3.3057142857142856
1900-01-01 02:28:55.900,0.02,-0.615,-0.005,2.51,0.63,3.32
1900-01-01 02:28:55.910,0.02,-0.6233333333333334,-0.0416666666666666,2.5166666666666666,0.65,3.3800000000000003
1900-01-01 02:28:55.920,-0.0433333333333333,-0.7083333333333334,-0.0083333333333333,2.41,0.51,3.31
1900-01-01 02:28:55.930,-0.06,-0.6642857142857144,-0.0342857142857142,2.5828571428571427,0.6085714285714285,3.2871428571428574
1900-01-01 02:28:55.940,-0.0466666666666666,-0.6066666666666667,0.0111111111111111,2.773333333333333,0.6455555555555557,3.285555555555556
1900-01-01 02:28:55.950,0.0033333333333333,-0.58,0.1183333333333333,2.873333333333333,0.64,3.3166666666666664
1900-01-01 02:28:55.960,-0.0066666666666666,-0.52,0.1316666666666666,2.975,0.6649999999999999,3.185
1900-01-01 02:28:55.970,0.02,-0.4599999999999999,0.0825,3.01,0.69,3.08
1900-01-01 02:28:55.980,0.015,-0.5025000000000001,0.11,2.9025,0.62875,3.07375
1900-01-01 02:28:55.990,0.0266666666666666,-0.6116666666666667,0.0866666666666666,2.73,0.57,3.03
1900-01-01 02:28:56.000,0.045,-0.6,0.005,2.73,0.57,3.03
1900-01-01 02:28:56.010,0.0071428571428571,-0.6242857142857143,-0.0228571428571428,2.78,0.6,3.14
1900-01-01 02:28:56.020,-0.01,-0.6775,-0.0375,2.795,0.575,3.16
1900-01-01 02:28:56.040,0.0188235294117647,-0.618235294117647,0.0094117647058823,3.040588235294118,0.5241176470588236,3.4011764705882355
1900-01-01 02:28:56.050,0.025,-0.52,0.11,3.22,0.55,3.56
1900-01-01 02:28:56.060,0.037,-0.538,0.146,3.204,0.582,3.576
1900-01-01 02:28:56.070,0.0039999999999999,-0.538,0.148,3.16,0.5720000000000001,3.568
1900-01-01 02:28:56.080,-0.0366666666666666,-0.5733333333333333,0.11,3.065,0.6,3.48
1900-01-01 02:28:56.090,-0.0214285714285714,-0.6242857142857143,0.0571428571428571,2.935714285714285,0.5942857142857143,3.434285714285714
1900-01-01 02:28:56.100,-0.04,-0.73,0.065,2.88,0.56,3.43
1900-01-01 02:28:56.110,-0.0633333333333333,-0.7383333333333333,0.0566666666666666,2.7900000000000005,0.54,3.25
1900-01-01 02:28:56.120,-0.0419999999999999,-0.6809999999999999,-0.009,2.901,0.608,3.102
1900-01-01 02:28:56.130,0.0016666666666666,-0.68,0.075,3.0499999999999994,0.58,3.11
1900-01-01 02:28:56.140,0.01,-0.615,0.1366666666666667,3.1749999999999994,0.58,3.025
1900-01-01 02:28:56.150,0.056,-0.508,0.12,3.344,0.6479999999999999,3.096
1900-01-01 02:28:56.160,0.0957142857142857,-0.5357142857142857,0.1557142857142857,3.455714285714286,0.6528571428571429,3.2857142857142856
1900-01-01 02:28:56.170,0.0733333333333333,-0.6366666666666667,0.21,3.453333333333333,0.57,3.4266666666666663
1900-01-01 02:28:56.180,0.074,-0.642,0.1319999999999999,3.5200000000000005,0.59,3.4799999999999995
1900-01-01 02:28:56.190,0.0363636363636363,-0.6445454545454545,0.0081818181818181,3.595454545454545,0.6427272727272727,3.517272727272728
1900-01-01 02:28:56.200,0.0325,-0.8325,0.0175,3.55,0.5900000000000001,3.5700000000000003
1900-01-01 02:28:56.210,-0.0083333333333333,-0.82,-0.0083333333333333,3.53,0.55,3.5400000000000005
1900-01-01 02:28:56.220,-0.035,-0.73,-0.05,3.93,0.73,3.42
1900-01-01 02:28:56.230,-0.0125,-0.625,-0.09,4.055,0.8,3.4
1900-01-01 02:28:56.240,0.0176923076923076,-0.6753846153846154,0.1115384615384615,4.186923076923077,0.8307692307692308,3.393846153846153
1900-01-01 02:28:56.250,0.0433333333333333,-0.57,0.1433333333333333,4.31,0.88,3.42
1900-01-01 02:28:56.260,-0.0033333333333333,-0.5144444444444445,0.0966666666666666,4.442222222222223,0.8422222222222222,3.3577777777777778
1900-01-01 02:28:56.270,-0.0216666666666666,-0.6566666666666666,0.1266666666666666,4.430000000000001,0.73,3.44
1900-01-01 02:28:56.280,-0.036,-0.724,0.08,4.392,0.7,3.498
1900-01-01 02:28:56.290,-0.0442857142857142,-0.6728571428571428,-0.0328571428571428,4.412857142857143,0.6928571428571428,3.48
1900-01-01 02:28:56.300,-0.054,-0.76,-0.038,4.4,0.5359999999999999,3.468
1900-01-01 02:28:56.310,-0.02625,-0.76625,-0.05375,4.47625,0.5025000000000001,3.475
1900-01-01 02:28:56.320,0.0366666666666666,-0.6666666666666666,-0.1066666666666666,4.576666666666667,0.5533333333333333,3.4800000000000004
1900-01-01 02:28:56.330,0.02875,-0.675,-0.0225,4.640000000000001,0.5625,3.4325
1900-01-01 02:28:56.340,0.045,-0.6416666666666667,0.055,4.756666666666667,0.4966666666666666,3.49
1900-01-01 02:28:56.350,0.045,-0.5283333333333333,0.03,4.8566666666666665,0.52,3.5766666666666667
1900-01-01 02:28:56.360,0.0516666666666666,-0.525,0.0366666666666666,4.8533333333333335,0.5566666666666666,3.6533333333333338
1900-01-01 02:28:56.370,0.0075,-0.6425000000000001,0.1025,4.67,0.495,3.77
1900-01-01 02:28:56.380,-0.0342857142857142,-0.6585714285714286,0.0571428571428571,4.58,0.4771428571428571,3.782857142857143
1900-01-01 02:28:56.390,-0.1042857142857142,-0.6242857142857143,-0.0371428571428571,4.431428571428572,0.4271428571428571,3.667142857142857
1900-01-01 02:28:56.400,-0.125,-0.7,-0.05,4.3,0.37,3.57
1900-01-01 02:28:56.410,-0.08,-0.74,-0.0428571428571428,4.192857142857143,0.3485714285714286,3.648571428571429
1900-01-01 02:28:56.420,-0.066,-0.758,-0.046,4.12,0.34,3.608
1900-01-01 02:28:56.430,-0.04,-0.67125,-0.0825,4.17,0.37,3.49
1900-01-01 02:28:56.440,0.0014285714285714,-0.6042857142857142,-0.0385714285714285,4.185714285714286,0.3985714285714286,3.454285714285714
1900-01-01 02:28:56.450,0.095,-0.5925,0.015,4.105,0.47,3.4475
1900-01-01 02:28:56.460,0.0688888888888889,-0.6044444444444443,0.0811111111111111,3.983333333333333,0.4922222222222221,3.333333333333333
1900-01-01 02:28:56.470,0.0633333333333333,-0.4966666666666666,-0.0033333333333333,3.966666666666667,0.5733333333333334,3.4033333333333338
1900-01-01 02:28:56.480,0.052,-0.5700000000000001,0.002,3.836,0.558,3.5740000000000003
1900-01-01 02:28:56.490,0.0157142857142857,-0.7342857142857142,0.0214285714285714,3.7514285714285713,0.5414285714285715,3.692857142857143
1900-01-01 02:28:56.500,-0.024,-0.688,-0.062,3.79,0.624,3.714
1900-01-01 02:28:56.510,-0.05625,-0.6625,-0.115,3.82625,0.64875,3.705
1900-01-01 02:28:56.520,-0.0725,-0.75,-0.0075,3.79,0.6275,3.6975
1900-01-01 02:28:56.530,-0.0866666666666666,-0.7399999999999999,0.03,3.7000000000000006,0.62,3.6
1900-01-01 02:28:56.540,-0.072,-0.5730000000000001,0.011,3.81,0.7220000000000001,3.49
1900-01-01 02:28:56.550,-0.0983333333333333,-0.58,0.1233333333333333,3.923333333333333,0.7200000000000001,3.44
1900-01-01 02:28:56.560,-0.0933333333333333,-0.5866666666666667,0.1516666666666666,3.825,0.62,3.4250000000000003
1900-01-01 02:28:56.570,-0.08,-0.53,0.1033333333333333,3.763333333333333,0.57,3.4
1900-01-01 02:28:56.580,-0.1,-0.5644444444444444,0.0722222222222222,3.58,0.3999999999999999,3.34
1900-01-01 02:28:56.590,-0.0833333333333333,-0.68,0.0416666666666666,3.37,0.205,3.31
1900-01-01 02:28:56.600,-0.065,-0.685,-0.02,3.3,0.15,3.28
1900-01-01 02:28:56.610,-0.0499999999999999,-0.68,-0.0916666666666666,3.2999999999999994,0.1416666666666667,3.2216666666666662
1900-01-01 02:28:56.620,-0.022,-0.736,-0.081,3.245,0.009,3.109
1900-01-01 02:28:56.630,0.0266666666666666,-0.6616666666666666,-0.1016666666666666,3.306666666666666,-0.0966666666666666,3.073333333333333
1900-01-01 02:28:56.640,0.0866666666666666,-0.5483333333333333,-0.0883333333333333,3.51,-0.055,3.145
1900-01-01 02:28:56.650,0.1066666666666666,-0.53,0.0333333333333333,3.71,-0.01,3.22
1900-01-01 02:28:56.660,0.1355555555555555,-0.4766666666666667,0.1177777777777777,3.626666666666667,0.1211111111111111,3.2488888888888887
1900-01-01 02:28:56.670,0.124,-0.416,0.1159999999999999,3.446,0.336,3.244
1900-01-01 02:28:56.680,0.0828571428571428,-0.4814285714285714,0.1428571428571428,3.217142857142857,0.3642857142857142,3.378571428571429
1900-01-01 02:28:56.690,-0.016,-0.63,0.154,2.95,0.2599999999999999,3.5120000000000005
1900-01-01 02:28:56.700,-0.0633333333333333,-0.6366666666666667,0.0183333333333333,2.895,0.235,3.58
1900-01-01 02:28:56.710,-0.1271428571428571,-0.72,-0.0999999999999999,2.877142857142857,0.21,3.628571428571429
1900-01-01 02:28:56.720,-0.15,-0.795,-0.09,2.82,0.16,3.65
1900-01-01 02:28:56.730,-0.1433333333333333,-0.79,-0.0733333333333333,2.82,0.1933333333333333,3.6366666666666663
1900-01-01 02:28:56.740,-0.0584615384615384,-0.7138461538461538,-0.083076923076923,3.035384615384616,0.37,3.522307692307692
1900-01-01 02:28:56.750,0.0416666666666666,-0.545,0.0616666666666666,3.31,0.515,3.325
1900-01-01 02:28:56.760,0.085,-0.4433333333333333,0.175,3.35,0.61,3.1950000000000003
1900-01-01 02:28:56.770,0.1333333333333333,-0.3266666666666666,0.1966666666666666,3.36,0.71,3.14
1900-01-01 02:28:56.780,0.1344444444444444,-0.3866666666666666,0.2366666666666666,3.125555555555556,0.8622222222222222,3.2444444444444445
1900-01-01 02:28:56.790,0.1166666666666666,-0.5183333333333334,0.2366666666666666,2.7566666666666664,0.92,3.313333333333333
1900-01-01 02:28:56.800,0.072,-0.572,0.116,2.482,0.8859999999999999,3.372
1900-01-01 02:28:56.810,0.0383333333333333,-0.6033333333333334,-0.0366666666666666,2.345,0.88,3.455
1900-01-01 02:28:56.820,0.0,-0.78,-0.0742857142857142,2.24,0.9385714285714286,3.5814285714285714
1900-01-01 02:28:56.830,0.0333333333333333,-0.8216666666666667,-0.1133333333333333,2.3266666666666667,1.0566666666666666,3.6566666666666654
1900-01-01 02:28:56.840,0.0233333333333333,-0.745,-0.1066666666666666,2.665,1.275,3.595
1900-01-01 02:28:56.850,0.06,-0.6733333333333333,-0.0533333333333333,2.83,1.36,3.52
1900-01-01 02:28:56.860,0.0755555555555555,-0.6322222222222222,0.0488888888888888,3.248888888888889,1.578888888888889,3.431111111111111
1900-01-01 02:28:56.870,0.12,-0.505,0.1116666666666666,3.6466666666666665,1.85,3.2466666666666666
1900-01-01 02:28:56.880,0.1116666666666666,-0.44,0.175,3.97,1.99,3.22
1900-01-01 02:28:56.890,0.115,-0.425,0.2216666666666666,4.053333333333334,1.9433333333333331,3.26
1900-01-01 02:28:56.900,0.09,-0.475,0.24,4.04,1.91,3.26
1900-01-01 02:28:56.910,0.059,-0.461,0.164,3.972,1.858,3.31
1900-01-01 02:28:56.920,0.05,-0.5,0.1,3.85,1.77,3.36
1900-01-01 02:28:56.930,-0.02,-0.6769999999999999,0.06,3.668,1.637,3.374
1900-01-01 02:28:56.940,-0.1271428571428571,-0.7700000000000001,-0.0585714285714285,3.532857142857143,1.3814285714285717,3.0785714285714283
1900-01-01 02:28:56.950,-0.1366666666666667,-0.6999999999999998,-0.1433333333333333,3.6766666666666654,1.2633333333333334,3.016666666666666
1900-01-01 02:28:56.960,-0.08,-0.6977777777777777,-0.0444444444444444,3.832222222222223,1.0322222222222222,3.083333333333333
1900-01-01 02:28:56.970,-0.0133333333333333,-0.6766666666666667,0.0999999999999999,3.983333333333333,0.9,3.0866666666666664
1900-01-01 02:28:56.980,0.0111111111111111,-0.48,0.12,4.163333333333333,0.8966666666666667,2.89
1900-01-01 02:28:56.990,0.055,-0.3883333333333333,0.1816666666666666,4.11,0.86,2.735
1900-01-01 02:28:57.000,0.078,-0.542,0.302,3.886,0.65,2.728
1900-01-01 02:28:57.010,0.036,-0.5740000000000001,0.272,3.778,0.352,2.732
1900-01-01 02:28:57.020,-0.0075,-0.505,0.1075,3.85,0.22,2.72
1900-01-01 02:28:57.030,-0.019,-0.565,-0.019,3.592,-0.0349999999999999,2.679
1900-01-01 02:28:57.040,0.0883333333333333,-0.8233333333333333,-0.0166666666666666,3.31,-0.215,2.705
1900-01-01 02:28:57.050,0.0833333333333333,-0.7766666666666667,-0.0666666666666666,3.24,-0.25,2.68
1900-01-01 02:28:57.060,0.0611111111111111,-0.6033333333333333,-0.1077777777777777,3.521111111111111,-0.2222222222222222,2.4533333333333336
1900-01-01 02:28:57.070,0.07,-0.5833333333333334,0.0,3.67,-0.22,2.28
1900-01-01 02:28:57.080,0.1077777777777777,-0.5911111111111111,0.1511111111111111,3.701111111111112,-0.0955555555555555,2.2977777777777777
1900-01-01 02:28:57.090,0.1128571428571428,-0.4685714285714285,0.1757142857142857,3.834285714285714,0.1271428571428571,2.262857142857143
1900-01-01 02:28:57.100,0.08,-0.44,0.18,3.86,0.17,2.24
1900-01-01 02:28:57.110,0.0679999999999999,-0.504,0.2,3.862,0.154,2.282
1900-01-01 02:28:57.120,0.0242857142857142,-0.6114285714285714,0.2014285714285714,3.855714285714286,0.0528571428571428,2.4985714285714287
1900-01-01 02:28:57.130,-0.02,-0.608,0.104,3.82,0.03,2.53
1900-01-01 02:28:57.140,-0.0381818181818181,-0.7127272727272728,-0.0054545454545454,3.8,0.0063636363636363,2.539090909090909
1900-01-01 02:28:57.150,-0.0466666666666666,-0.7766666666666667,0.0133333333333333,3.723333333333333,-0.06,2.4533333333333336
1900-01-01 02:28:57.160,-0.0333333333333333,-0.62,-0.0216666666666666,3.983333333333334,0.0999999999999999,2.29
1900-01-01 02:28:57.170,-0.02,-0.5766666666666667,0.05,4.11,0.18,2.21
1900-01-01 02:28:57.180,0.0311111111111111,-0.5977777777777777,0.1722222222222222,4.197777777777778,0.2211111111111111,2.29
1900-01-01 02:28:57.190,0.08,-0.5466666666666667,0.1733333333333333,4.39,0.3349999999999999,2.33
1900-01-01 02:28:57.200,0.058,-0.52,0.09,4.529999999999999,0.386,2.35
1900-01-01 02:28:57.210,0.038,-0.5780000000000001,0.05,4.65,0.41,2.39
1900-01-01 02:28:57.220,0.018,-0.6679999999999999,0.036,4.586,0.482,2.382
1900-01-01 02:28:57.230,-0.0011111111111111,-0.6977777777777778,-0.0188888888888888,4.73,0.6666666666666666,2.4866666666666664
1900-01-01 02:28:57.250,-0.03875,-0.63625,-0.00875,4.9025,0.7999999999999999,2.4325
1900-01-01 02:28:57.260,-0.0188888888888888,-0.5844444444444444,0.13,4.996666666666666,0.8155555555555556,2.5066666666666664
1900-01-01 02:28:57.270,-0.0228571428571428,-0.56,0.1485714285714285,4.992857142857142,0.8942857142857142,2.325714285714286
1900-01-01 02:28:57.280,-0.0616666666666666,-0.5316666666666667,0.085,5.036666666666666,0.9533333333333333,2.296666666666667
1900-01-01 02:28:57.290,-0.0528571428571428,-0.5942857142857143,0.0414285714285714,5.011428571428572,0.9871428571428572,2.382857142857143
1900-01-01 02:28:57.300,0.0024999999999999,-0.6675,0.0325,5.01,0.975,2.685
1900-01-01 02:28:57.310,-0.00875,-0.6875,0.0225,5.105,0.90625,2.9125
1900-01-01 02:28:57.320,-0.044,-0.598,-0.036,5.222,0.8800000000000001,2.848
1900-01-01 02:28:57.330,-0.005,-0.5966666666666667,-0.0433333333333333,5.256666666666667,0.9133333333333334,2.8366666666666664
1900-01-01 02:28:57.340,0.08,-0.6616666666666667,0.0033333333333333,5.13,0.9666666666666668,2.776666666666667
1900-01-01 02:28:57.350,0.0883333333333333,-0.6566666666666666,0.03,5.09,0.98,2.605
1900-01-01 02:28:57.360,0.065,-0.4916666666666667,-0.0183333333333333,5.14,0.99,2.4833333333333334
1900-01-01 02:28:57.370,0.06,-0.47,-0.01,4.8,1.08,2.553333333333333
1900-01-01 02:28:57.380,0.0888888888888888,-0.5911111111111111,0.0744444444444444,4.199999999999999,1.11,3.12
1900-01-01 02:28:57.390,0.046,-0.616,0.082,4.52,0.89,3.6800000000000006
1900-01-01 02:28:57.400,0.0071428571428571,-0.5314285714285715,0.0057142857142857,5.265714285714286,0.78,3.3857142857142857
1900-01-01 02:28:57.410,-0.0325,-0.62,0.0024999999999999,5.18,0.66,3.42
1900-01-01 02:28:57.420,-0.0375,-0.6799999999999999,0.0275,4.14,0.35,3.69
1900-01-01 02:28:57.430,-0.0425,-0.715,0.03,4.63,0.81,3.47
1900-01-01 02:28:57.440,-0.04125,-0.6487499999999999,-0.0425,5.105,0.855,3.545
1900-01-01 02:28:57.450,-0.065,-0.6366666666666667,0.0083333333333333,4.14,-0.01,2.1
1900-01-01 02:28:57.460,-0.053,-0.617,0.0849999999999999,4.666,0.262,2.588
1900-01-01 02:28:57.470,-0.0316666666666666,-0.52,0.065,4.27,0.5966666666666667,1.82
1900-01-01 02:28:57.480,0.005,-0.585,0.12,3.67,0.1299999999999999,2.065
1900-01-01 02:28:57.490,0.0316666666666666,-0.62,0.1133333333333333,3.9066666666666663,0.3333333333333333,2.1166666666666667
1900-01-01 02:28:57.500,0.085,-0.5750000000000001,-0.005,4.333333333333333,0.2966666666666667,2.3366666666666664
1900-01-01 02:28:57.510,0.096,-0.656,-0.044,4.276,-0.046,2.672
1900-01-01 02:28:57.520,0.1149999999999999,-0.695,-0.05,4.22,-0.17,2.82
1900-01-01 02:28:57.530,0.128,-0.705,-0.0849999999999999,4.7090000000000005,0.3099999999999999,2.501
1900-01-01 02:28:57.540,0.1171428571428571,-0.6114285714285714,-0.0657142857142857,5.192857142857143,0.4414285714285714,2.4214285714285717
1900-01-01 02:28:57.550,0.1033333333333333,-0.6033333333333334,0.0483333333333333,5.236666666666667,0.4266666666666667,2.766666666666667
1900-01-01 02:28:57.560,0.0666666666666666,-0.5383333333333333,0.1383333333333333,5.1866666666666665,0.4933333333333333,2.49
1900-01-01 02:28:57.570,0.01,-0.4866666666666666,0.1633333333333333,4.953333333333333,0.5066666666666667,2.026666666666667
1900-01-01 02:28:57.580,-0.0344444444444444,-0.4499999999999999,0.1788888888888889,4.535555555555556,0.4622222222222222,2.3844444444444446
1900-01-01 02:28:57.590,-0.065,-0.5866666666666667,0.1933333333333333,3.686666666666666,0.1933333333333333,2.5
1900-01-01 02:28:57.600,-0.0725,-0.6375,0.1275,3.78,0.03,2.355
1900-01-01 02:28:57.610,-0.1016666666666666,-0.6566666666666667,-0.0016666666666666,4.14,0.0,2.29
1900-01-01 02:28:57.620,-0.0999999999999999,-0.6885714285714286,-0.0785714285714285,3.9642857142857135,-0.2828571428571428,2.268571428571428
1900-01-01 02:28:57.630,-0.0214285714285714,-0.7428571428571429,-0.0614285714285714,4.065714285714285,-0.3528571428571428,2.2871428571428574
1900-01-01 02:28:57.640,-0.0016666666666666,-0.6433333333333333,-0.03,4.626666666666666,0.1833333333333333,1.4966666666666668
1900-01-01 02:28:57.650,0.0366666666666666,-0.5133333333333333,-0.0233333333333333,4.87,0.44,1.31
1900-01-01 02:28:57.660,0.0722222222222222,-0.5055555555555555,0.0577777777777777,4.18,0.6777777777777777,1.8744444444444448
1900-01-01 02:28:57.670,0.1316666666666666,-0.505,0.1533333333333333,4.046666666666667,0.8666666666666667,2.486666666666667
1900-01-01 02:28:57.680,0.1149999999999999,-0.485,0.1216666666666666,4.29,0.82,2.46
1900-01-01 02:28:57.690,0.0466666666666666,-0.525,0.08,4.233333333333333,0.3999999999999999,2.473333333333333
1900-01-01 02:28:57.700,-0.0075,-0.5774999999999999,0.0425,3.9075,0.14,2.3275
1900-01-01 02:28:57.710,-0.025,-0.5925,-0.01,3.45,0.56,1.69
1900-01-01 02:28:57.720,-0.039,-0.623,-0.036,3.4240000000000004,0.8859999999999999,1.906
1900-01-01 02:28:57.730,-0.055,-0.6750000000000002,0.015,3.686666666666667,0.7933333333333333,1.606666666666667
1900-01-01 02:28:57.740,-0.085,-0.605,-0.01,4.38,1.04,1.535
1900-01-01 02:28:57.750,-0.0699999999999999,-0.5083333333333333,-0.0349999999999999,4.96,1.28,1.845
1900-01-01 02:28:57.760,-0.0366666666666666,-0.5833333333333334,0.0533333333333333,4.515,0.8850000000000001,2.0
1900-01-01 02:28:57.770,-0.0266666666666666,-0.59,0.11,4.489999999999999,0.66,2.2533333333333334
1900-01-01 02:28:57.780,-0.0044444444444444,-0.4288888888888889,0.0555555555555555,4.981111111111111,0.991111111111111,1.9777777777777776
1900-01-01 02:28:57.790,0.0083333333333333,-0.4233333333333333,0.0816666666666666,3.9666666666666655,0.71,1.4400000000000002
1900-01-01 02:28:57.800,0.015,-0.5216666666666666,0.1283333333333333,2.9166666666666665,0.3233333333333333,1.55
1900-01-01 02:28:57.810,0.0016666666666666,-0.435,0.0333333333333333,3.0383333333333336,0.66,1.5600000000000005
1900-01-01 02:28:57.820,0.03,-0.4439999999999999,-0.032,3.08,0.396,2.3600000000000003
1900-01-01 02:28:57.830,0.0133333333333333,-0.5366666666666666,0.0033333333333333,3.08,0.12,3.06
1900-01-01 02:28:57.840,0.0375,-0.6174999999999999,0.0075,4.87,0.72,3.5
1900-01-01 02:28:57.850,-0.0155555555555555,-0.5644444444444444,-0.0611111111111111,4.657777777777778,0.7066666666666666,3.3166666666666664
1900-01-01 02:28:57.860,0.0011111111111111,-0.5422222222222222,-0.07,3.1133333333333333,0.3999999999999999,2.466666666666667
1900-01-01 02:28:57.870,-0.015,-0.6116666666666667,0.0499999999999999,4.0200000000000005,0.29,3.553333333333333
1900-01-01 02:28:57.880,-0.0533333333333333,-0.4416666666666666,-0.0066666666666666,4.806666666666667,1.01,2.0866666666666664
1900-01-01 02:28:57.890,-0.08,-0.3483333333333333,0.035,3.826666666666666,0.2666666666666666,2.56
1900-01-01 02:28:57.900,-0.0816666666666666,-0.44,0.1816666666666666,2.6133333333333333,0.3066666666666667,2.036666666666666
1900-01-01 02:28:57.910,-0.0249999999999999,-0.3799999999999999,0.145,3.12,0.8566666666666668,2.2466666666666666
1900-01-01 02:28:57.920,0.0233333333333333,-0.3133333333333333,0.0533333333333333,3.106666666666667,0.4733333333333333,2.3866666666666667
1900-01-01 02:28:57.930,-0.0211111111111111,-0.4499999999999999,0.0577777777777777,2.244444444444445,-0.5844444444444444,2.055555555555556
1900-01-01 02:28:57.940,-0.015,-0.4983333333333333,-0.0533333333333333,2.4233333333333333,0.1199999999999999,1.8833333333333333
1900-01-01 02:28:57.950,0.0116666666666666,-0.4883333333333333,-0.1766666666666666,2.14,0.245,1.625
1900-01-01 02:28:57.960,0.0249999999999999,-0.5733333333333334,-0.1266666666666666,1.63,0.06,1.485
1900-01-01 02:28:57.970,0.0266666666666666,-0.5866666666666666,-0.0766666666666666,1.663333333333333,0.2566666666666666,0.9433333333333334
1900-01-01 02:28:57.980,0.04,-0.3855555555555555,-0.09,1.9833333333333332,0.6633333333333333,0.2677777777777778
1900-01-01 02:28:57.990,0.0583333333333333,-0.29,0.02,0.9633333333333334,0.25,0.9933333333333332
1900-01-01 02:28:58.000,0.0766666666666666,-0.3383333333333333,0.1566666666666666,0.4949999999999999,0.12,1.115
1900-01-01 02:28:58.010,0.052,-0.26,0.094,0.4699999999999999,0.18,0.96
1900-01-01 02:28:58.020,0.0225,-0.2225,0.03,0.8,0.08,0.8425
1900-01-01 02:28:58.030,-0.0566666666666666,-0.3322222222222222,0.0111111111111111,0.12,0.03,0.63
1900-01-01 02:28:58.050,-0.0825,-0.4225,-0.05375,-1.17125,0.18625,-0.15375
1900-01-01 02:28:58.060,-0.0614285714285714,-0.3714285714285714,-0.11,-0.7571428571428571,0.0742857142857142,0.3428571428571429
1900-01-01 02:28:58.070,-0.07,-0.355,-0.011,-1.568,-0.211,-0.8320000000000001
1900-01-01 02:28:58.080,-0.03,-0.22,-0.03,-1.164,0.3319999999999999,-0.882
1900-01-01 02:28:58.090,0.0066666666666666,-0.1916666666666666,-0.0033333333333333,-1.1133333333333333,0.5066666666666667,-0.1733333333333333
1900-01-01 02:28:58.100,0.0625,-0.2724999999999999,0.06,-1.96,0.1,0.14
1900-01-01 02:28:58.110,0.08375,-0.295,0.02875,-1.72375,0.23375,0.0637499999999999
1900-01-01 02:28:58.120,0.034,-0.25,-0.092,-1.368,0.354,-0.554
1900-01-01 02:28:58.130,-0.0133333333333333,-0.2816666666666667,-0.115,-1.32,0.01,-0.65
1900-01-01 02:28:58.140,-0.0057142857142857,-0.3171428571428571,-0.0914285714285714,-1.782857142857143,0.3028571428571429,-0.3399999999999999
1900-01-01 02:28:58.150,-0.0216666666666666,-0.2883333333333333,-0.0483333333333333,-1.615,0.53,-0.7050000000000001
1900-01-01 02:28:58.160,-0.0383333333333333,-0.205,-0.0166666666666666,-1.365,0.265,-0.82
1900-01-01 02:28:58.170,-0.055,-0.1475,0.04,-1.26,0.03,-0.65
1900-01-01 02:28:58.180,-0.04625,-0.13625,0.06625,-1.47375,0.10375,-0.33875
1900-01-01 02:28:58.190,-0.0366666666666666,-0.1283333333333333,0.0516666666666666,-1.7250000000000003,0.32,-0.205
1900-01-01 02:28:58.200,-0.015,-0.1375,0.03,-1.96,0.315,-0.2225
1900-01-01 02:28:58.210,-0.012,-0.158,0.04,-2.298,-0.0839999999999999,-0.106
1900-01-01 02:28:58.220,-0.0433333333333333,-0.1766666666666666,0.0433333333333333,-2.45,-0.18,-0.33
1900-01-01 02:28:58.230,-0.0377777777777777,-0.1666666666666666,-0.0111111111111111,-2.413333333333333,0.28,-0.44
1900-01-01 02:28:58.250,-0.03,-0.285,-0.015,-2.4450000000000003,-0.0499999999999999,-0.3
1900-01-01 02:28:58.260,-0.033,-0.252,-0.106,-0.524,-0.354,-0.454
1900-01-01 02:28:58.270,-0.002,-0.16,-0.112,-0.484,-0.554,-0.032
1900-01-01 02:28:58.280,0.0171428571428571,-0.1614285714285714,-0.0157142857142857,-0.6814285714285715,-0.0385714285714285,0.3114285714285714
1900-01-01 02:28:58.290,0.04,-0.0849999999999999,0.035,-0.51,0.33,0.56
1900-01-01 02:28:58.300,0.053,-0.033,0.085,-0.607,0.505,0.592
1900-01-01 02:28:58.310,-0.0042857142857142,-0.1257142857142857,0.1785714285714285,-0.5357142857142857,-0.0642857142857142,0.6528571428571429
1900-01-01 02:28:58.320,-0.068,-0.12,0.108,0.03,-0.196,-0.0159999999999999
1900-01-01 02:28:58.330,-0.106,-0.084,-0.01,0.174,-0.17,-0.096
1900-01-01 02:28:58.340,-0.0914285714285714,-0.1814285714285714,-0.0357142857142857,-0.2928571428571428,-0.2271428571428571,0.0085714285714285
1900-01-01 02:28:58.350,-0.0349999999999999,-0.2966666666666667,-0.0183333333333333,-0.42,-0.15,0.0349999999999999
1900-01-01 02:28:58.360,-0.01,-0.2016666666666666,-0.08,0.295,0.07,-0.11
1900-01-01 02:28:58.370,-0.0133333333333333,-0.1166666666666666,-0.0766666666666666,0.79,0.17,-0.2
1900-01-01 02:28:58.380,0.0211111111111111,-0.1266666666666666,0.0066666666666666,0.1577777777777778,0.1633333333333333,-0.1122222222222222
1900-01-01 02:28:58.390,0.0816666666666666,-0.1133333333333333,0.0933333333333333,0.08,0.15,0.3699999999999999
1900-01-01 02:28:58.400,0.048,-0.046,0.1,0.18,0.1699999999999999,-0.074
1900-01-01 02:28:58.410,0.014,0.0,0.078,-0.01,0.26,-0.512
1900-01-01 02:28:58.420,0.0199999999999999,-0.06,0.08,-0.5742857142857144,0.2971428571428571,-0.0771428571428571
1900-01-01 02:28:58.430,0.0214285714285714,-0.1685714285714285,0.0842857142857142,-0.7542857142857143,-0.0414285714285714,0.24
1900-01-01 02:28:58.440,-0.005,-0.17,0.03,-0.56,-0.07,-0.08
1900-01-01 02:28:58.450,-0.0216666666666666,-0.1399999999999999,-0.0466666666666666,0.34,0.25,0.0
1900-01-01 02:28:58.460,-0.025,-0.223,-0.065,-0.0979999999999999,0.088,-0.002
1900-01-01 02:28:58.470,-0.0483333333333333,-0.2633333333333333,-0.0166666666666666,0.68,0.12,0.085
1900-01-01 02:28:58.480,-0.075,-0.0833333333333333,-0.0516666666666666,1.7299999999999998,0.4266666666666667,0.0466666666666666
1900-01-01 02:28:58.490,-0.0483333333333333,-0.0466666666666666,0.0333333333333333,1.61,0.1966666666666666,0.5466666666666666
1900-01-01 02:28:58.500,-0.0019999999999999,-0.092,0.146,1.006,-0.106,1.004
1900-01-01 02:28:58.510,0.0328571428571428,-0.0371428571428571,0.12,1.12,0.1614285714285714,0.2814285714285715
1900-01-01 02:28:58.520,0.0466666666666666,0.0366666666666666,0.0333333333333333,1.24,0.3899999999999999,-0.41
1900-01-01 02:28:58.530,0.048,-0.018,0.014,0.576,-0.3219999999999999,-0.2259999999999999
1900-01-01 02:28:58.540,0.06,-0.133,-0.011,0.222,-0.7,0.586
1900-01-01 02:28:58.550,-0.0033333333333333,-0.1116666666666666,-0.1033333333333333,0.2549999999999999,-0.1549999999999999,-0.24
1900-01-01 02:28:58.560,-0.015,-0.0916666666666666,-0.11,0.32,0.25,-0.0333333333333333
1900-01-01 02:28:58.570,-0.04,-0.1566666666666666,-0.0133333333333333,0.1966666666666666,0.1999999999999999,0.0599999999999999
1900-01-01 02:28:58.580,-0.0555555555555555,-0.1211111111111111,0.0544444444444444,0.4055555555555555,0.3333333333333333,-0.6111111111111112
1900-01-01 02:28:58.590,-0.0866666666666666,0.0083333333333333,0.04,0.86,0.3733333333333333,-0.4766666666666667
1900-01-01 02:28:58.600,-0.08,-0.0325,0.0775,0.4399999999999999,0.0425,-0.3825
1900-01-01 02:28:58.610,-0.01375,-0.1225,0.0574999999999999,0.15125,-0.48875,0.38
1900-01-01 02:28:58.620,0.04,-0.095,-0.0475,1.07,-0.48,0.52
1900-01-01 02:28:58.630,0.04375,-0.0225,-0.09375,0.8125,-0.7325,-0.0475
1900-01-01 02:28:58.650,0.0966666666666666,-0.1355555555555555,0.0033333333333333,-0.4377777777777777,0.0411111111111111,-0.1822222222222222
1900-01-01 02:28:58.660,0.2488888888888889,-0.7444444444444445,0.2644444444444444,-2.566666666666667,1.2022222222222223,1.531111111111111
1900-01-01 02:28:58.670,-0.03,-0.3799999999999999,-0.0133333333333333,0.5700000000000001,0.52,-1.5200000000000002
1900-01-01 02:28:58.680,-0.2966666666666667,-0.3566666666666667,0.045,0.7066666666666667,-0.25,-1.09
1900-01-01 02:28:58.690,-0.4483333333333333,-0.445,0.2033333333333333,-0.2333333333333333,0.1766666666666666,-0.2033333333333333
1900-01-01 02:28:58.700,-0.5083333333333333,-0.2616666666666666,0.1416666666666666,0.9250000000000002,1.125,-0.4599999999999999
1900-01-01 02:28:58.710,-0.5566666666666668,-0.12,0.0983333333333333,0.985,0.2099999999999999,-0.42
1900-01-01 02:28:58.720,-0.595,-0.1,0.145,0.66,-0.56,-0.35
1900-01-01 02:28:58.730,-0.54,-0.05,0.143,0.45,-0.772,-0.484
1900-01-01 02:28:58.740,-0.49,0.05,0.07,0.57,-0.57,-0.66
1900-01-01 02:28:58.750,-0.3927272727272727,0.0836363636363636,-0.0572727272727272,0.099090909090909,-0.4827272727272726,-0.7254545454545455
1900-01-01 02:28:58.760,-0.19,-0.0333333333333333,-0.1416666666666667,-0.6649999999999999,-0.4749999999999999,0.2299999999999999
1900-01-01 02:28:58.770,-0.0059999999999999,-0.07,-0.204,-0.75,-0.38,0.22
1900-01-01 02:28:58.780,0.0875,-0.09,-0.2125,-0.2,-0.19,0.5
1900-01-01 02:28:58.790,0.1988888888888889,-0.11,-0.1666666666666666,-0.2588888888888889,0.0277777777777777,0.1588888888888888
1900-01-01 02:28:58.800,0.252,-0.058,-0.098,-0.1699999999999999,0.416,-0.282
1900-01-01 02:28:58.810,0.2299999999999999,-0.005,-0.0575,-0.11,0.62,-0.57
1900-01-01 02:28:58.820,0.1744444444444444,0.0133333333333333,-0.0044444444444444,-0.1855555555555555,0.4655555555555555,-0.2111111111111111
1900-01-01 02:28:58.830,0.0933333333333333,0.0,0.0266666666666666,-0.245,0.29,0.26
1900-01-01 02:28:58.840,0.0216666666666666,-0.0216666666666666,0.0266666666666666,0.0,-0.0499999999999999,0.8000000000000002
1900-01-01 02:28:58.850,-0.0633333333333333,-0.0266666666666666,0.0066666666666666,0.09,-0.15,0.92
1900-01-01 02:28:58.860,-0.1288888888888889,-0.0611111111111111,-0.0222222222222222,-0.1155555555555555,0.01,0.4133333333333333
1900-01-01 02:28:58.870,-0.1266666666666666,-0.0516666666666666,-0.0483333333333333,-0.02,-0.01,0.51
1900-01-01 02:28:58.880,-0.135,0.015,-0.0316666666666666,0.2799999999999999,-0.2333333333333333,0.08
1900-01-01 02:28:58.890,-0.0633333333333333,0.1733333333333333,0.0066666666666666,0.805,-0.1816666666666666,-0.4833333333333333
1900-01-01 02:28:58.900,0.0516666666666666,-0.0033333333333333,0.2133333333333333,-0.75,0.315,0.325
1900-01-01 02:28:58.910,0.1542857142857143,-0.1171428571428571,0.2814285714285714,-0.4657142857142857,0.2842857142857143,0.2214285714285714
1900-01-01 02:28:58.920,0.1175,-0.0775,0.175,0.0075,-0.2175,-0.0925
1900-01-01 02:28:58.930,0.0266666666666666,-0.1166666666666666,0.0466666666666666,0.05,-0.38,-0.14
1900-01-01 02:28:58.940,-0.0585714285714285,-0.2299999999999999,-0.0371428571428571,-0.5828571428571429,-0.6785714285714286,0.4128571428571428
1900-01-01 02:28:58.950,-0.1142857142857143,-0.2785714285714286,-0.13,-0.14,-0.3399999999999999,0.51
1900-01-01 02:28:58.960,-0.15,-0.295,-0.1483333333333333,0.23,-0.12,0.33
1900-01-01 02:28:58.970,-0.178,-0.258,-0.106,0.372,0.0199999999999999,0.15
1900-01-01 02:28:58.980,-0.1466666666666667,-0.1383333333333333,-0.08,0.66,0.445,-0.4599999999999999
1900-01-01 02:28:58.990,-0.1233333333333333,0.0216666666666666,-0.015,0.7733333333333333,0.51,-0.5433333333333333
1900-01-01 02:28:59.000,-0.086,0.1699999999999999,0.0839999999999999,0.702,0.122,-0.5119999999999999
1900-01-01 02:28:59.010,-0.04,0.2699999999999999,0.125,0.63,-0.46,-0.41
1900-01-01 02:28:59.020,0.025,0.31,0.0775,0.22,-0.42,-0.51
1900-01-01 02:28:59.030,0.1175,0.3125,-0.0075,0.18,-0.55,0.5
